{
    "MSE": {
        "mean": 101328.97915918348,
        "std": 38138.305836070926
    },
    "RMSE": {
        "mean": 311.95952785478687,
        "std": 63.32639370595759
    }
}