{
    "MSE": {
        "mean": 100366.78217774935,
        "std": 39104.85051664598
    },
    "RMSE": {
        "mean": 309.9131319071539,
        "std": 65.73152097166444
    }
}