{
    "MSE": {
        "mean": 100519.73767862556,
        "std": 68798.56391383609
    },
    "RMSE": {
        "mean": 300.83149059304833,
        "std": 100.10070901941822
    }
}