{
    "MSE": {
        "mean": 104324.59463125319,
        "std": 67163.69066820997
    },
    "RMSE": {
        "mean": 307.901732643904,
        "std": 97.57621465364932
    }
}