{
    "MSE": {
        "mean": 116081.57865387895,
        "std": 47894.82997881731
    },
    "RMSE": {
        "mean": 332.49002318452494,
        "std": 74.37716811383042
    }
}