{
    "MSE": {
        "mean": 102086.4109531916,
        "std": 59326.94705434588
    },
    "RMSE": {
        "mean": 307.5513025109996,
        "std": 86.59449911500853
    }
}