{
    "MSE": {
        "mean": 59346.81256996988,
        "std": 24339.012248744333
    },
    "RMSE": {
        "mean": 237.82272011130482,
        "std": 52.79362053155527
    }
}