{
    "MSE": {
        "mean": 116060.75244032394,
        "std": 59811.504240569884
    },
    "RMSE": {
        "mean": 328.0023772155629,
        "std": 92.0608113219927
    }
}