{
    "MSE": {
        "mean": 94175.70008061753,
        "std": 33632.11498581983
    },
    "RMSE": {
        "mean": 302.3972683138839,
        "std": 52.26463619808756
    }
}