{
    "MSE": {
        "mean": 60975.29815608073,
        "std": 30950.840867296833
    },
    "RMSE": {
        "mean": 238.64542635170537,
        "std": 63.43231540384991
    }
}