{
    "MSE": {
        "mean": 92450.23070737682,
        "std": 74960.87998607133
    },
    "RMSE": {
        "mean": 283.17175075661015,
        "std": 110.74290171750549
    },
    "R2": {
        "mean": 0.4604688423360642,
        "std": 0.14816702496915204
    }
}