{
    "MSE": {
        "mean": 85646.00081108557,
        "std": 45400.84981224145
    },
    "RMSE": {
        "mean": 281.2892011427481,
        "std": 80.76129104688836
    }
}