{
    "n_estimators": 290,
    "max_depth": 4,
    "learning_rate": 0.04106995869128968,
    "subsample": 0.6201062258952356,
    "gamma": 1.7475309196381257,
    "colsample_bytree": 0.8260112267462354,
    "min_child_weight": 7,
    "reg_alpha": 51,
    "reg_lambda": 0.3804259114008318,
    "random_state": 42
}