{
    "MSE": {
        "mean": 75840.94578463456,
        "std": 45635.27421425626
    },
    "RMSE": {
        "mean": 263.2066981126874,
        "std": 81.01345476679312
    }
}