{
    "MSE": {
        "mean": 79821.36570632643,
        "std": 44858.63577550181
    },
    "RMSE": {
        "mean": 270.1081695512422,
        "std": 82.84287807653598
    }
}