{
    "MSE": {
        "mean": 75357.91290838458,
        "std": 39670.79234517904
    },
    "RMSE": {
        "mean": 264.32454571167995,
        "std": 74.09755355407198
    }
}