{
    "n_estimators": 290,
    "max_depth": 3,
    "learning_rate": 0.25929034390336586,
    "subsample": 0.6982535819048087,
    "gamma": 2.4913025053290214,
    "colsample_bytree": 0.9,
    "min_child_weight": 2,
    "reg_alpha": 72,
    "reg_lambda": 0.5613912667944849,
    "random_state": 42
}