{
    "MSE": {
        "mean": 65528.453293959916,
        "std": 25987.41655223372
    },
    "RMSE": {
        "mean": 250.28722237173233,
        "std": 53.70995821449621
    }
}