{
    "MSE": {
        "mean": 84575.81223398146,
        "std": 45923.659755302106
    },
    "RMSE": {
        "mean": 278.94929161767084,
        "std": 82.23809907811041
    }
}