{
    "MSE": {
        "mean": 52219.63194023586,
        "std": 22153.821753990876
    },
    "RMSE": {
        "mean": 223.73261424869483,
        "std": 46.51181851616385
    },
    "R2": {
        "mean": 0.6300983883679593,
        "std": 0.17791963804432406
    }
}