{
    "MSE": {
        "mean": 78783.81308020234,
        "std": 33698.17611099965
    },
    "RMSE": {
        "mean": 273.1648185264599,
        "std": 64.535222937622
    }
}