{
    "MSE": {
        "mean": 59444.161936548095,
        "std": 30357.0661197558
    },
    "RMSE": {
        "mean": 235.70364604999205,
        "std": 62.35345359551601
    }
}