{
    "MSE": {
        "mean": 66158.84011531071,
        "std": 24578.37615995693
    },
    "RMSE": {
        "mean": 252.30365377864126,
        "std": 50.017061141756585
    }
}