{
    "MSE": {
        "mean": 76828.26394687912,
        "std": 52403.84820634967
    },
    "RMSE": {
        "mean": 262.38208565309753,
        "std": 89.3527004360234
    }
}