{
    "MSE": {
        "mean": 72224.11797384455,
        "std": 54519.24488778604
    },
    "RMSE": {
        "mean": 250.5695789063334,
        "std": 97.15453721029867
    }
}