Sample ID,Pressure (PSI),Welding Time (ms),Angle (Deg),Force (N),Current (A),Thickness A (mm),Thickness B (mm),Material,PullTest (N),NuggetDiameter (mm),Category,Comments
1,35,200,0,0.0,1315.41,0.922,0.92,AISI 1010 carbon steel,2127.7,2.63,Bad,DOE
1,35,200,0,3.41,1337.45,0.922,0.92,AISI 1010 carbon steel,2127.7,2.63,Bad,DOE
1,35,200,0,6.82,1081.47,0.922,0.92,AISI 1010 carbon steel,2127.7,2.63,Bad,DOE
2,35,1500,0,0.0,1819.13,0.92,0.925,AISI 1010 carbon steel,5346.4,3.34,Good,DOE
2,35,1500,0,3.41,2016.44,0.92,0.925,AISI 1010 carbon steel,5346.4,3.34,Good,DOE
2,35,1500,0,6.82,1910.44,0.92,0.925,AISI 1010 carbon steel,5346.4,3.34,Good,DOE
2,35,1500,0,10.24,1818.18,0.92,0.925,AISI 1010 carbon steel,5346.4,3.34,Good,DOE
2,35,1500,0,13.68,1750.71,0.92,0.925,AISI 1010 carbon steel,5346.4,3.34,Good,DOE
2,35,1500,0,17.17,1920.32,0.92,0.925,AISI 1010 carbon steel,5346.4,3.34,Good,DOE
2,35,1500,0,20.66,1912.24,0.92,0.925,AISI 1010 carbon steel,5346.4,3.34,Good,DOE
2,35,1500,0,24.15,1767.33,0.92,0.925,AISI 1010 carbon steel,5346.4,3.34,Good,DOE
2,35,1500,0,27.63,1767.33,0.92,0.925,AISI 1010 carbon steel,5346.4,3.34,Good,DOE
2,35,1500,0,31.13,1721.98,0.92,0.925,AISI 1010 carbon steel,5346.4,3.34,Good,DOE
2,35,1500,0,34.64,1795.33,0.92,0.925,AISI 1010 carbon steel,5346.4,3.34,Good,DOE
2,35,1500,0,38.15,1801.07,0.92,0.925,AISI 1010 carbon steel,5346.4,3.34,Good,DOE
2,35,1500,0,41.66,1937.26,0.92,0.925,AISI 1010 carbon steel,5346.4,3.34,Good,DOE
2,35,1500,0,45.18,1709.96,0.92,0.925,AISI 1010 carbon steel,5346.4,3.34,Good,DOE
2,35,1500,0,48.71,1786.69,0.92,0.925,AISI 1010 carbon steel,5346.4,3.34,Good,DOE
2,35,1500,0,52.25,2014.73,0.92,0.925,AISI 1010 carbon steel,5346.4,3.34,Good,DOE
4,95,200,0,0.0,1427.04,0.912,0.924,AISI 1010 carbon steel,2350.4,2.76,Bad,DOE
4,95,200,0,8.29,1501.05,0.912,0.924,AISI 1010 carbon steel,2350.4,2.76,Bad,DOE
4,95,200,0,16.57,1321.93,0.912,0.924,AISI 1010 carbon steel,2350.4,2.76,Bad,DOE
5,95,200,0,24.85,1268.82,0.948,0.939,AISI 1010 carbon steel,2174.8,2.57,Bad,DOE
5,95,200,0,33.14,1538.4,0.948,0.939,AISI 1010 carbon steel,2174.8,2.57,Bad,DOE
5,95,200,0,41.42,1615.83,0.948,0.939,AISI 1010 carbon steel,2174.8,2.57,Bad,DOE
7,35,1500,0,127.46,940.25,0.93,0.937,AISI 1010 carbon steel,3897.5,4.72,Good,DOE
7,35,1500,0,127.46,1049.18,0.93,0.937,AISI 1010 carbon steel,3897.5,4.72,Good,DOE
7,35,1500,0,122.45,873.88,0.93,0.937,AISI 1010 carbon steel,3897.5,4.72,Good,DOE
7,35,1500,0,117.51,871.91,0.93,0.937,AISI 1010 carbon steel,3897.5,4.72,Good,DOE
7,35,1500,0,112.61,949.35,0.93,0.937,AISI 1010 carbon steel,3897.5,4.72,Good,DOE
7,35,1500,0,107.72,990.14,0.93,0.937,AISI 1010 carbon steel,3897.5,4.72,Good,DOE
7,35,1500,0,102.81,1009.07,0.93,0.937,AISI 1010 carbon steel,3897.5,4.72,Good,DOE
7,35,1500,0,97.92,1095.69,0.93,0.937,AISI 1010 carbon steel,3897.5,4.72,Good,DOE
7,35,1500,0,93.01,1076.69,0.93,0.937,AISI 1010 carbon steel,3897.5,4.72,Good,DOE
7,35,1500,0,88.11,1090.97,0.93,0.937,AISI 1010 carbon steel,3897.5,4.72,Good,DOE
7,35,1500,0,83.24,1143.32,0.93,0.937,AISI 1010 carbon steel,3897.5,4.72,Good,DOE
7,35,1500,0,78.38,1045.9,0.93,0.937,AISI 1010 carbon steel,3897.5,4.72,Good,DOE
7,35,1500,0,73.51,1103.51,0.93,0.937,AISI 1010 carbon steel,3897.5,4.72,Good,DOE
7,35,1500,0,68.66,1150.82,0.93,0.937,AISI 1010 carbon steel,3897.5,4.72,Good,DOE
7,35,1500,0,63.82,1137.29,0.93,0.937,AISI 1010 carbon steel,3897.5,4.72,Good,DOE
9,35,200,0,9.88,1120.53,0.932,0.928,AISI 1010 carbon steel,1932.5,2.43,Bad,DOE
9,35,200,0,13.17,1141.81,0.932,0.928,AISI 1010 carbon steel,1932.5,2.43,Bad,DOE
9,35,200,0,16.47,1083.06,0.932,0.928,AISI 1010 carbon steel,1932.5,2.43,Bad,DOE
11,95,1500,0,54.07,1094.12,0.937,0.927,AISI 1010 carbon steel,3816.0,3.3,Good,DOE
11,95,1500,0,59.21,1007.36,0.937,0.927,AISI 1010 carbon steel,3816.0,3.3,Good,DOE
11,95,1500,0,64.33,1015.87,0.937,0.927,AISI 1010 carbon steel,3816.0,3.3,Good,DOE
11,95,1500,0,69.44,1039.3,0.937,0.927,AISI 1010 carbon steel,3816.0,3.3,Good,DOE
11,95,1500,0,74.53,1086.23,0.937,0.927,AISI 1010 carbon steel,3816.0,3.3,Good,DOE
11,95,1500,0,79.57,1123.59,0.937,0.927,AISI 1010 carbon steel,3816.0,3.3,Good,DOE
11,95,1500,0,84.59,1086.23,0.937,0.927,AISI 1010 carbon steel,3816.0,3.3,Good,DOE
11,95,1500,0,89.59,1068.67,0.937,0.927,AISI 1010 carbon steel,3816.0,3.3,Good,DOE
11,95,1500,0,94.58,1115.91,0.937,0.927,AISI 1010 carbon steel,3816.0,3.3,Good,DOE
11,95,1500,0,99.56,1141.81,0.937,0.927,AISI 1010 carbon steel,3816.0,3.3,Good,DOE
11,95,1500,0,104.52,1109.73,0.937,0.927,AISI 1010 carbon steel,3816.0,3.3,Good,DOE
11,95,1500,0,109.47,1097.26,0.937,0.927,AISI 1010 carbon steel,3816.0,3.3,Good,DOE
11,95,1500,0,114.41,1140.31,0.937,0.927,AISI 1010 carbon steel,3816.0,3.3,Good,DOE
11,95,1500,0,119.33,1190.49,0.937,0.927,AISI 1010 carbon steel,3816.0,3.3,Good,DOE
11,95,1500,0,124.23,1147.82,0.937,0.927,AISI 1010 carbon steel,3816.0,3.3,Good,DOE
11,95,1500,0,129.13,1112.82,0.937,0.927,AISI 1010 carbon steel,3816.0,3.3,Good,DOE
12,95,200,0,0.0,1187.59,0.929,0.915,AISI 1010 carbon steel,1832.5,2.91,Bad,DOE
12,95,200,0,8.28,1260.66,0.929,0.915,AISI 1010 carbon steel,1832.5,2.91,Bad,DOE
12,95,200,0,16.55,1357.87,0.929,0.915,AISI 1010 carbon steel,1832.5,2.91,Bad,DOE
15,35,1500,0,0.0,829.45,0.931,0.938,AISI 1010 carbon steel,5634.8,4.55,Good,DOE
15,35,1500,0,3.3,1112.82,0.931,0.938,AISI 1010 carbon steel,5634.8,4.55,Good,DOE
15,35,1500,0,6.6,1210.54,0.931,0.938,AISI 1010 carbon steel,5634.8,4.55,Good,DOE
15,35,1500,0,9.91,1128.18,0.931,0.938,AISI 1010 carbon steel,5634.8,4.55,Good,DOE
15,35,1500,0,13.22,1087.81,0.931,0.938,AISI 1010 carbon steel,5634.8,4.55,Good,DOE
15,35,1500,0,16.55,1194.81,0.931,0.938,AISI 1010 carbon steel,5634.8,4.55,Good,DOE
15,35,1500,0,19.89,1323.23,0.931,0.938,AISI 1010 carbon steel,5634.8,4.55,Good,DOE
15,35,1500,0,23.23,1266.1,0.931,0.938,AISI 1010 carbon steel,5634.8,4.55,Good,DOE
15,35,1500,0,26.57,1175.95,0.931,0.938,AISI 1010 carbon steel,5634.8,4.55,Good,DOE
15,35,1500,0,29.9,1167.14,0.931,0.938,AISI 1010 carbon steel,5634.8,4.55,Good,DOE
15,35,1500,0,33.24,1306.22,0.931,0.938,AISI 1010 carbon steel,5634.8,4.55,Good,DOE
15,35,1500,0,36.58,1374.24,0.931,0.938,AISI 1010 carbon steel,5634.8,4.55,Good,DOE
15,35,1500,0,39.91,1235.85,0.931,0.938,AISI 1010 carbon steel,5634.8,4.55,Good,DOE
15,35,1500,0,43.25,1047.54,0.931,0.938,AISI 1010 carbon steel,5634.8,4.55,Good,DOE
15,35,1500,0,46.58,1123.59,0.931,0.938,AISI 1010 carbon steel,5634.8,4.55,Good,DOE
17,95,200,15,0.0,1982.89,1.057,0.936,AISI 1010 carbon steel,2685.9,2.63,Bad,DOE
17,95,200,15,3.34,1972.45,1.057,0.936,AISI 1010 carbon steel,2685.9,2.63,Bad,DOE
17,95,200,15,6.67,1840.75,1.057,0.936,AISI 1010 carbon steel,2685.9,2.63,Bad,DOE
18,95,200,15,53.89,2173.26,0.929,0.925,AISI 1010 carbon steel,2334.7,2.96,Bad,DOE
18,95,200,15,53.94,2314.3,0.929,0.925,AISI 1010 carbon steel,2334.7,2.96,Bad,DOE
18,95,200,15,53.95,2323.94,0.929,0.925,AISI 1010 carbon steel,2334.7,2.96,Bad,DOE
24,35,200,15,10.11,1320.63,0.938,0.925,AISI 1010 carbon steel,2522.1,2.6,Bad,DOE
24,35,200,15,13.52,1209.12,0.938,0.925,AISI 1010 carbon steel,2522.1,2.6,Bad,DOE
24,35,200,15,16.93,1178.87,0.938,0.925,AISI 1010 carbon steel,2522.1,2.6,Bad,DOE
26,35,200,15,30.61,1257.92,0.928,0.933,AISI 1010 carbon steel,2144.9,2.68,Bad,DOE
26,35,200,15,34.03,1402.73,0.928,0.933,AISI 1010 carbon steel,2144.9,2.68,Bad,DOE
26,35,200,15,37.45,1381.73,0.928,0.933,AISI 1010 carbon steel,2144.9,2.68,Bad,DOE
27,35,1500,15,0.0,1405.18,0.936,0.953,AISI 1010 carbon steel,5339.5,3.92,Good,DOE
27,35,1500,15,3.41,1456.86,0.936,0.953,AISI 1010 carbon steel,5339.5,3.92,Good,DOE
27,35,1500,15,6.82,1400.27,0.936,0.953,AISI 1010 carbon steel,5339.5,3.92,Good,DOE
27,35,1500,15,10.23,1375.49,0.936,0.953,AISI 1010 carbon steel,5339.5,3.92,Good,DOE
27,35,1500,15,13.66,1275.58,0.936,0.953,AISI 1010 carbon steel,5339.5,3.92,Good,DOE
27,35,1500,15,17.1,1213.38,0.936,0.953,AISI 1010 carbon steel,5339.5,3.92,Good,DOE
27,35,1500,15,20.54,1249.69,0.936,0.953,AISI 1010 carbon steel,5339.5,3.92,Good,DOE
27,35,1500,15,23.99,1180.33,0.936,0.953,AISI 1010 carbon steel,5339.5,3.92,Good,DOE
27,35,1500,15,27.44,1149.32,0.936,0.953,AISI 1010 carbon steel,5339.5,3.92,Good,DOE
27,35,1500,15,30.89,1144.82,0.936,0.953,AISI 1010 carbon steel,5339.5,3.92,Good,DOE
27,35,1500,15,34.33,1158.26,0.936,0.953,AISI 1010 carbon steel,5339.5,3.92,Good,DOE
27,35,1500,15,37.77,1181.79,0.936,0.953,AISI 1010 carbon steel,5339.5,3.92,Good,DOE
27,35,1500,15,41.21,1068.67,0.936,0.953,AISI 1010 carbon steel,5339.5,3.92,Good,DOE
27,35,1500,15,44.64,1063.83,0.936,0.953,AISI 1010 carbon steel,5339.5,3.92,Good,DOE
27,35,1500,15,48.08,1097.26,0.936,0.953,AISI 1010 carbon steel,5339.5,3.92,Good,DOE
29,95,1500,15,55.05,1275.58,0.947,0.957,AISI 1010 carbon steel,5158.6,3.7,Explode,DOE
29,95,1500,15,59.92,1287.65,0.947,0.957,AISI 1010 carbon steel,5158.6,3.7,Explode,DOE
29,95,1500,15,64.8,1224.67,0.947,0.957,AISI 1010 carbon steel,5158.6,3.7,Explode,DOE
29,95,1500,15,69.69,1248.32,0.947,0.957,AISI 1010 carbon steel,5158.6,3.7,Explode,DOE
29,95,1500,15,74.57,1292.99,0.947,0.957,AISI 1010 carbon steel,5158.6,3.7,Explode,DOE
29,95,1500,15,79.4,1276.92,0.947,0.957,AISI 1010 carbon steel,5158.6,3.7,Explode,DOE
29,95,1500,15,84.2,1257.92,0.947,0.957,AISI 1010 carbon steel,5158.6,3.7,Explode,DOE
29,95,1500,15,88.98,1295.64,0.947,0.957,AISI 1010 carbon steel,5158.6,3.7,Explode,DOE
29,95,1500,15,93.74,1361.66,0.947,0.957,AISI 1010 carbon steel,5158.6,3.7,Explode,DOE
29,95,1500,15,98.52,1345.14,0.947,0.957,AISI 1010 carbon steel,5158.6,3.7,Explode,DOE
29,95,1500,15,103.31,1207.7,0.947,0.957,AISI 1010 carbon steel,5158.6,3.7,Explode,DOE
29,95,1500,15,108.1,1203.42,0.947,0.957,AISI 1010 carbon steel,5158.6,3.7,Explode,DOE
29,95,1500,15,112.89,1231.67,0.947,0.957,AISI 1010 carbon steel,5158.6,3.7,Explode,DOE
29,95,1500,15,117.68,1271.52,0.947,0.957,AISI 1010 carbon steel,5158.6,3.7,Explode,DOE
29,95,1500,15,122.48,1252.44,0.947,0.957,AISI 1010 carbon steel,5158.6,3.7,Explode,DOE
30,95,1500,15,127.36,1494.16,0.949,0.994,AISI 1010 carbon steel,5277.7,3.91,Good,DOE
30,95,1500,15,132.27,1342.58,0.949,0.994,AISI 1010 carbon steel,5277.7,3.91,Good,DOE
30,95,1500,15,132.4,1278.27,0.949,0.994,AISI 1010 carbon steel,5277.7,3.91,Good,DOE
30,95,1500,15,132.43,1283.64,0.949,0.994,AISI 1010 carbon steel,5277.7,3.91,Good,DOE
30,95,1500,15,132.49,1329.71,0.949,0.994,AISI 1010 carbon steel,5277.7,3.91,Good,DOE
30,95,1500,15,132.53,1331.0,0.949,0.994,AISI 1010 carbon steel,5277.7,3.91,Good,DOE
30,95,1500,15,132.54,1292.99,0.949,0.994,AISI 1010 carbon steel,5277.7,3.91,Good,DOE
30,95,1500,15,132.62,1300.94,0.949,0.994,AISI 1010 carbon steel,5277.7,3.91,Good,DOE
30,95,1500,15,132.74,1327.12,0.949,0.994,AISI 1010 carbon steel,5277.7,3.91,Good,DOE
30,95,1500,15,132.88,1372.99,0.949,0.994,AISI 1010 carbon steel,5277.7,3.91,Good,DOE
30,95,1500,15,133.02,1338.73,0.949,0.994,AISI 1010 carbon steel,5277.7,3.91,Good,DOE
30,95,1500,15,133.18,1302.26,0.949,0.994,AISI 1010 carbon steel,5277.7,3.91,Good,DOE
30,95,1500,15,133.34,1318.02,0.949,0.994,AISI 1010 carbon steel,5277.7,3.91,Good,DOE
30,95,1500,15,133.45,1352.79,0.949,0.994,AISI 1010 carbon steel,5277.7,3.91,Good,DOE
30,95,1500,15,133.53,1304.9,0.949,0.994,AISI 1010 carbon steel,5277.7,3.91,Good,DOE
33,95,200,15,0.0,1675.41,0.927,0.924,AISI 1010 carbon steel,2132.9,2.55,Bad,DOE
33,95,200,15,8.25,1985.49,0.927,0.924,AISI 1010 carbon steel,2132.9,2.55,Bad,DOE
33,95,200,15,16.51,2119.57,0.927,0.924,AISI 1010 carbon steel,2132.9,2.55,Bad,DOE
35,60,1000,0,77.25,1314.1,0.629,0.632,AISI 1010 carbon steel,3215.0,4.48,Good,
35,60,1000,0,77.17,2134.12,0.629,0.632,AISI 1010 carbon steel,3215.0,4.48,Good,
35,60,1000,0,77.11,2717.01,0.629,0.632,AISI 1010 carbon steel,3215.0,4.48,Good,
35,60,1000,0,77.05,2872.1,0.629,0.632,AISI 1010 carbon steel,3215.0,4.48,Good,
35,60,1000,0,76.98,3094.08,0.629,0.632,AISI 1010 carbon steel,3215.0,4.48,Good,
35,60,1000,0,76.93,3116.79,0.629,0.632,AISI 1010 carbon steel,3215.0,4.48,Good,
35,60,1000,0,76.89,3059.99,0.629,0.632,AISI 1010 carbon steel,3215.0,4.48,Good,
35,60,1000,0,76.89,3065.04,0.629,0.632,AISI 1010 carbon steel,3215.0,4.48,Good,
35,60,1000,0,76.95,3207.63,0.629,0.632,AISI 1010 carbon steel,3215.0,4.48,Good,
35,60,1000,0,77.0,3211.91,0.629,0.632,AISI 1010 carbon steel,3215.0,4.48,Good,
35,60,1000,0,77.05,3115.14,0.629,0.632,AISI 1010 carbon steel,3215.0,4.48,Good,
36,60,1000,0,77.07,1568.3,0.647,0.638,AISI 1010 carbon steel,3608.1,4.02,Good,
36,60,1000,0,77.1,2591.29,0.647,0.638,AISI 1010 carbon steel,3608.1,4.02,Good,
36,60,1000,0,77.12,2807.3,0.647,0.638,AISI 1010 carbon steel,3608.1,4.02,Good,
36,60,1000,0,77.15,3182.32,0.647,0.638,AISI 1010 carbon steel,3608.1,4.02,Good,
36,60,1000,0,77.17,2867.91,0.647,0.638,AISI 1010 carbon steel,3608.1,4.02,Good,
36,60,1000,0,77.19,3085.73,0.647,0.638,AISI 1010 carbon steel,3608.1,4.02,Good,
36,60,1000,0,77.21,3055.49,0.647,0.638,AISI 1010 carbon steel,3608.1,4.02,Good,
36,60,1000,0,77.26,3385.03,0.647,0.638,AISI 1010 carbon steel,3608.1,4.02,Good,
36,60,1000,0,77.32,2997.52,0.647,0.638,AISI 1010 carbon steel,3608.1,4.02,Good,
36,60,1000,0,77.37,3176.92,0.647,0.638,AISI 1010 carbon steel,3608.1,4.02,Good,
38,60,1000,0,77.25,1709.96,0.644,0.639,AISI 1010 carbon steel,3270.8,4.4,Good,
38,60,1000,0,77.22,2537.63,0.644,0.639,AISI 1010 carbon steel,3270.8,4.4,Good,
38,60,1000,0,77.19,2818.3,0.644,0.639,AISI 1010 carbon steel,3270.8,4.4,Good,
38,60,1000,0,77.16,2901.3,0.644,0.639,AISI 1010 carbon steel,3270.8,4.4,Good,
38,60,1000,0,77.13,3242.29,0.644,0.639,AISI 1010 carbon steel,3270.8,4.4,Good,
38,60,1000,0,77.1,3277.64,0.644,0.639,AISI 1010 carbon steel,3270.8,4.4,Good,
38,60,1000,0,77.07,3041.95,0.644,0.639,AISI 1010 carbon steel,3270.8,4.4,Good,
38,60,1000,0,77.06,3095.75,0.644,0.639,AISI 1010 carbon steel,3270.8,4.4,Good,
38,60,1000,0,77.1,3249.71,0.644,0.639,AISI 1010 carbon steel,3270.8,4.4,Good,
38,60,1000,0,77.14,3376.89,0.644,0.639,AISI 1010 carbon steel,3270.8,4.4,Good,
38,60,1000,0,77.18,3085.18,0.644,0.639,AISI 1010 carbon steel,3270.8,4.4,Good,
39,60,1000,0,77.17,1423.42,0.638,0.627,AISI 1010 carbon steel,3145.4,3.88,Good,
39,60,1000,0,77.14,3447.46,0.638,0.627,AISI 1010 carbon steel,3145.4,3.88,Good,
42,60,1000,0,77.05,1470.96,0.644,0.645,AISI 1010 carbon steel,3394.2,4.3,Good,
42,60,1000,0,77.03,2281.37,0.644,0.645,AISI 1010 carbon steel,3394.2,4.3,Good,
42,60,1000,0,77.02,3080.71,0.644,0.645,AISI 1010 carbon steel,3394.2,4.3,Good,
42,60,1000,0,77.01,2722.7,0.644,0.645,AISI 1010 carbon steel,3394.2,4.3,Good,
42,60,1000,0,77.01,2935.48,0.644,0.645,AISI 1010 carbon steel,3394.2,4.3,Good,
42,60,1000,0,77.01,2929.03,0.644,0.645,AISI 1010 carbon steel,3394.2,4.3,Good,
42,60,1000,0,77.01,3369.24,0.644,0.645,AISI 1010 carbon steel,3394.2,4.3,Good,
42,60,1000,0,77.01,2850.46,0.644,0.645,AISI 1010 carbon steel,3394.2,4.3,Good,
42,60,1000,0,77.06,3062.23,0.644,0.645,AISI 1010 carbon steel,3394.2,4.3,Good,
42,60,1000,0,77.11,2930.79,0.644,0.645,AISI 1010 carbon steel,3394.2,4.3,Good,
42,60,1000,0,77.15,3424.44,0.644,0.645,AISI 1010 carbon steel,3394.2,4.3,Good,
43,60,1000,0,77.16,1543.98,0.639,0.634,AISI 1010 carbon steel,3391.8,4.24,Good,
43,60,1000,0,77.17,1821.96,0.639,0.634,AISI 1010 carbon steel,3391.8,4.24,Good,
43,60,1000,0,77.18,2545.08,0.639,0.634,AISI 1010 carbon steel,3391.8,4.24,Good,
43,60,1000,0,77.18,3291.78,0.639,0.634,AISI 1010 carbon steel,3391.8,4.24,Good,
43,60,1000,0,77.18,3084.62,0.639,0.634,AISI 1010 carbon steel,3391.8,4.24,Good,
43,60,1000,0,77.19,2997.52,0.639,0.634,AISI 1010 carbon steel,3391.8,4.24,Good,
43,60,1000,0,77.2,2930.79,0.639,0.634,AISI 1010 carbon steel,3391.8,4.24,Good,
43,60,1000,0,77.25,3434.47,0.639,0.634,AISI 1010 carbon steel,3391.8,4.24,Good,
43,60,1000,0,77.3,3192.58,0.639,0.634,AISI 1010 carbon steel,3391.8,4.24,Good,
43,60,1000,0,77.35,3066.73,0.639,0.634,AISI 1010 carbon steel,3391.8,4.24,Good,
43,60,1000,0,77.39,2983.72,0.639,0.634,AISI 1010 carbon steel,3391.8,4.24,Good,
44,60,1000,0,77.38,1447.39,0.624,0.624,AISI 1010 carbon steel,3232.2,4.12,Good,
44,60,1000,0,77.37,2450.74,0.624,0.624,AISI 1010 carbon steel,3232.2,4.12,Good,
44,60,1000,0,77.37,2907.81,0.624,0.624,AISI 1010 carbon steel,3232.2,4.12,Good,
44,60,1000,0,77.37,3104.07,0.624,0.624,AISI 1010 carbon steel,3232.2,4.12,Good,
44,60,1000,0,77.37,2823.18,0.624,0.624,AISI 1010 carbon steel,3232.2,4.12,Good,
44,60,1000,0,77.38,2882.27,0.624,0.624,AISI 1010 carbon steel,3232.2,4.12,Good,
44,60,1000,0,77.39,3096.31,0.624,0.624,AISI 1010 carbon steel,3232.2,4.12,Good,
44,60,1000,0,77.43,3222.07,0.624,0.624,AISI 1010 carbon steel,3232.2,4.12,Good,
44,60,1000,0,77.46,2906.63,0.624,0.624,AISI 1010 carbon steel,3232.2,4.12,Good,
44,60,1000,0,77.5,2962.31,0.624,0.624,AISI 1010 carbon steel,3232.2,4.12,Good,
45,60,1000,0,77.49,1262.02,0.636,0.62,AISI 1010 carbon steel,3299.1,4.21,Good,
45,60,1000,0,77.47,1584.66,0.636,0.62,AISI 1010 carbon steel,3299.1,4.21,Good,
45,60,1000,0,77.45,2427.47,0.636,0.62,AISI 1010 carbon steel,3299.1,4.21,Good,
45,60,1000,0,77.44,2799.32,0.636,0.62,AISI 1010 carbon steel,3299.1,4.21,Good,
45,60,1000,0,77.43,2812.8,0.636,0.62,AISI 1010 carbon steel,3299.1,4.21,Good,
45,60,1000,0,77.42,3253.41,0.636,0.62,AISI 1010 carbon steel,3299.1,4.21,Good,
45,60,1000,0,77.41,2792.55,0.636,0.62,AISI 1010 carbon steel,3299.1,4.21,Good,
45,60,1000,0,77.41,3036.29,0.636,0.62,AISI 1010 carbon steel,3299.1,4.21,Good,
45,60,1000,0,77.46,2961.15,0.636,0.62,AISI 1010 carbon steel,3299.1,4.21,Good,
45,60,1000,0,77.5,3396.19,0.636,0.62,AISI 1010 carbon steel,3299.1,4.21,Good,
45,60,1000,0,77.53,2857.7,0.636,0.62,AISI 1010 carbon steel,3299.1,4.21,Good,
46,60,1000,0,77.54,1830.44,0.63,0.631,AISI 1010 carbon steel,3158.6,3.65,Good,
46,60,1000,0,77.55,2447.93,0.63,0.631,AISI 1010 carbon steel,3158.6,3.65,Good,
46,60,1000,0,77.55,3143.17,0.63,0.631,AISI 1010 carbon steel,3158.6,3.65,Good,
46,60,1000,0,77.56,3444.47,0.63,0.631,AISI 1010 carbon steel,3158.6,3.65,Good,
46,60,1000,0,77.56,2995.22,0.63,0.631,AISI 1010 carbon steel,3158.6,3.65,Good,
46,60,1000,0,77.57,3088.52,0.63,0.631,AISI 1010 carbon steel,3158.6,3.65,Good,
46,60,1000,0,77.58,3367.71,0.63,0.631,AISI 1010 carbon steel,3158.6,3.65,Good,
46,60,1000,0,77.63,3580.12,0.63,0.631,AISI 1010 carbon steel,3158.6,3.65,Good,
46,60,1000,0,77.69,3041.38,0.63,0.631,AISI 1010 carbon steel,3158.6,3.65,Good,
46,60,1000,0,77.74,3133.85,0.63,0.631,AISI 1010 carbon steel,3158.6,3.65,Good,
46,60,1000,0,77.78,3348.76,0.63,0.631,AISI 1010 carbon steel,3158.6,3.65,Good,
47,60,1000,0,77.78,1623.27,0.627,0.636,AISI 1010 carbon steel,3298.5,4.62,Good,
47,60,1000,0,77.79,1692.77,0.627,0.636,AISI 1010 carbon steel,3298.5,4.62,Good,
47,60,1000,0,77.79,2440.9,0.627,0.636,AISI 1010 carbon steel,3298.5,4.62,Good,
47,60,1000,0,77.79,2832.3,0.627,0.636,AISI 1010 carbon steel,3298.5,4.62,Good,
47,60,1000,0,77.8,2790.09,0.627,0.636,AISI 1010 carbon steel,3298.5,4.62,Good,
47,60,1000,0,77.8,3354.41,0.627,0.636,AISI 1010 carbon steel,3298.5,4.62,Good,
47,60,1000,0,77.8,2852.27,0.627,0.636,AISI 1010 carbon steel,3298.5,4.62,Good,
47,60,1000,0,77.83,3050.42,0.627,0.636,AISI 1010 carbon steel,3298.5,4.62,Good,
47,60,1000,0,77.86,2877.49,0.627,0.636,AISI 1010 carbon steel,3298.5,4.62,Good,
47,60,1000,0,77.89,3432.46,0.627,0.636,AISI 1010 carbon steel,3298.5,4.62,Good,
47,60,1000,0,77.92,2934.31,0.627,0.636,AISI 1010 carbon steel,3298.5,4.62,Good,
48,60,1000,0,77.9,855.98,0.64,0.629,AISI 1010 carbon steel,3278.2,4.22,Good,
48,60,1000,0,77.88,1932.82,0.64,0.629,AISI 1010 carbon steel,3278.2,4.22,Good,
48,60,1000,0,77.87,2536.95,0.64,0.629,AISI 1010 carbon steel,3278.2,4.22,Good,
48,60,1000,0,77.85,2991.78,0.64,0.629,AISI 1010 carbon steel,3278.2,4.22,Good,
48,60,1000,0,77.82,3235.92,0.64,0.629,AISI 1010 carbon steel,3278.2,4.22,Good,
48,60,1000,0,77.79,2826.22,0.64,0.629,AISI 1010 carbon steel,3278.2,4.22,Good,
48,60,1000,0,77.77,2930.2,0.64,0.629,AISI 1010 carbon steel,3278.2,4.22,Good,
48,60,1000,0,77.81,3100.75,0.64,0.629,AISI 1010 carbon steel,3278.2,4.22,Good,
48,60,1000,0,77.83,3347.22,0.64,0.629,AISI 1010 carbon steel,3278.2,4.22,Good,
48,60,1000,0,77.85,2889.42,0.64,0.629,AISI 1010 carbon steel,3278.2,4.22,Good,
48,60,1000,0,77.87,3036.29,0.64,0.629,AISI 1010 carbon steel,3278.2,4.22,Good,
49,60,1000,0,77.87,1234.46,0.656,0.64,AISI 1010 carbon steel,3245.9,3.8,Good,
49,60,1000,0,77.87,2591.95,0.656,0.64,AISI 1010 carbon steel,3245.9,3.8,Good,
49,60,1000,0,77.86,2790.7,0.656,0.64,AISI 1010 carbon steel,3245.9,3.8,Good,
49,60,1000,0,77.86,2838.37,0.656,0.64,AISI 1010 carbon steel,3245.9,3.8,Good,
49,60,1000,0,77.85,2829.27,0.656,0.64,AISI 1010 carbon steel,3245.9,3.8,Good,
49,60,1000,0,77.84,3358.0,0.656,0.64,AISI 1010 carbon steel,3245.9,3.8,Good,
49,60,1000,0,77.84,3152.46,0.656,0.64,AISI 1010 carbon steel,3245.9,3.8,Good,
49,60,1000,0,77.88,2991.2,0.656,0.64,AISI 1010 carbon steel,3245.9,3.8,Good,
49,60,1000,0,77.92,2953.59,0.656,0.64,AISI 1010 carbon steel,3245.9,3.8,Good,
49,60,1000,0,77.96,3375.87,0.656,0.64,AISI 1010 carbon steel,3245.9,3.8,Good,
49,60,1000,0,77.99,3300.65,0.656,0.64,AISI 1010 carbon steel,3245.9,3.8,Good,
51,60,1000,0,77.88,795.58,0.633,0.635,AISI 1010 carbon steel,3143.0,4.23,Good,
51,60,1000,0,77.85,1799.16,0.633,0.635,AISI 1010 carbon steel,3143.0,4.23,Good,
51,60,1000,0,77.82,2337.23,0.633,0.635,AISI 1010 carbon steel,3143.0,4.23,Good,
51,60,1000,0,77.79,2995.22,0.633,0.635,AISI 1010 carbon steel,3143.0,4.23,Good,
51,60,1000,0,77.76,2640.6,0.633,0.635,AISI 1010 carbon steel,3143.0,4.23,Good,
51,60,1000,0,77.72,2884.65,0.633,0.635,AISI 1010 carbon steel,3143.0,4.23,Good,
51,60,1000,0,77.7,2849.86,0.633,0.635,AISI 1010 carbon steel,3143.0,4.23,Good,
51,60,1000,0,77.74,3328.67,0.633,0.635,AISI 1010 carbon steel,3143.0,4.23,Good,
51,60,1000,0,77.77,2821.35,0.633,0.635,AISI 1010 carbon steel,3143.0,4.23,Good,
51,60,1000,0,77.8,3028.92,0.633,0.635,AISI 1010 carbon steel,3143.0,4.23,Good,
51,60,1000,0,77.83,2938.41,0.633,0.635,AISI 1010 carbon steel,3143.0,4.23,Good,
52,60,1000,0,77.82,1184.69,0.638,0.641,AISI 1010 carbon steel,3909.3,3.57,Good,
52,60,1000,0,77.8,2131.7,0.638,0.641,AISI 1010 carbon steel,3909.3,3.57,Good,
52,60,1000,0,77.78,2449.34,0.638,0.641,AISI 1010 carbon steel,3909.3,3.57,Good,
52,60,1000,0,77.77,2973.32,0.638,0.641,AISI 1010 carbon steel,3909.3,3.57,Good,
52,60,1000,0,77.75,2985.45,0.638,0.641,AISI 1010 carbon steel,3909.3,3.57,Good,
52,60,1000,0,77.73,2792.55,0.638,0.641,AISI 1010 carbon steel,3909.3,3.57,Good,
52,60,1000,0,77.71,2820.13,0.638,0.641,AISI 1010 carbon steel,3909.3,3.57,Good,
52,60,1000,0,77.73,3171.5,0.638,0.641,AISI 1010 carbon steel,3909.3,3.57,Good,
52,60,1000,0,77.74,3247.59,0.638,0.641,AISI 1010 carbon steel,3909.3,3.57,Good,
52,60,1000,0,77.75,2890.61,0.638,0.641,AISI 1010 carbon steel,3909.3,3.57,Good,
53,60,1000,0,83.72,1278.27,0.638,0.635,AISI 1010 carbon steel,3353.0,3.84,Good,
53,60,1000,0,83.84,1672.33,0.638,0.635,AISI 1010 carbon steel,3353.0,3.84,Good,
53,60,1000,0,83.95,2233.36,0.638,0.635,AISI 1010 carbon steel,3353.0,3.84,Good,
53,60,1000,0,84.07,2095.08,0.638,0.635,AISI 1010 carbon steel,3353.0,3.84,Good,
53,60,1000,0,84.2,2509.69,0.638,0.635,AISI 1010 carbon steel,3353.0,3.84,Good,
53,60,1000,0,84.32,2218.68,0.638,0.635,AISI 1010 carbon steel,3353.0,3.84,Good,
53,60,1000,0,84.44,2453.55,0.638,0.635,AISI 1010 carbon steel,3353.0,3.84,Good,
53,60,1000,0,84.71,2257.87,0.638,0.635,AISI 1010 carbon steel,3353.0,3.84,Good,
53,60,1000,0,84.96,2652.3,0.638,0.635,AISI 1010 carbon steel,3353.0,3.84,Good,
53,60,1000,0,85.22,2325.42,0.638,0.635,AISI 1010 carbon steel,3353.0,3.84,Good,
53,60,1000,0,85.48,2510.37,0.638,0.635,AISI 1010 carbon steel,3353.0,3.84,Good,
54,60,1000,0,85.58,1079.88,0.639,0.631,AISI 1010 carbon steel,3269.8,3.94,Good,
54,60,1000,0,85.68,1644.32,0.639,0.631,AISI 1010 carbon steel,3269.8,3.94,Good,
54,60,1000,0,85.78,1995.0,0.639,0.631,AISI 1010 carbon steel,3269.8,3.94,Good,
54,60,1000,0,85.88,2312.81,0.639,0.631,AISI 1010 carbon steel,3269.8,3.94,Good,
54,60,1000,0,85.99,2124.43,0.639,0.631,AISI 1010 carbon steel,3269.8,3.94,Good,
54,60,1000,0,86.1,2380.97,0.639,0.631,AISI 1010 carbon steel,3269.8,3.94,Good,
54,60,1000,0,86.1,2260.16,0.639,0.631,AISI 1010 carbon steel,3269.8,3.94,Good,
54,60,1000,0,85.95,2489.73,0.639,0.631,AISI 1010 carbon steel,3269.8,3.94,Good,
54,60,1000,0,85.8,2270.79,0.639,0.631,AISI 1010 carbon steel,3269.8,3.94,Good,
54,60,1000,0,85.65,2460.55,0.639,0.631,AISI 1010 carbon steel,3269.8,3.94,Good,
54,60,1000,0,85.49,2288.14,0.639,0.631,AISI 1010 carbon steel,3269.8,3.94,Good,
58,80,1000,0,100.52,1709.96,0.631,0.634,AISI 1010 carbon steel,2827.2,4.05,Good,
58,80,1000,0,100.36,2186.67,0.631,0.634,AISI 1010 carbon steel,2827.2,4.05,Good,
58,80,1000,0,100.2,2825.01,0.631,0.634,AISI 1010 carbon steel,2827.2,4.05,Good,
58,80,1000,0,100.04,3339.51,0.631,0.634,AISI 1010 carbon steel,2827.2,4.05,Good,
58,80,1000,0,99.88,4014.06,0.631,0.634,AISI 1010 carbon steel,2827.2,4.05,Good,
58,80,1000,0,99.72,3411.86,0.631,0.634,AISI 1010 carbon steel,2827.2,4.05,Good,
58,80,1000,0,99.65,3505.35,0.631,0.634,AISI 1010 carbon steel,2827.2,4.05,Good,
58,80,1000,0,99.58,3494.54,0.631,0.634,AISI 1010 carbon steel,2827.2,4.05,Good,
58,80,1000,0,99.51,4236.29,0.631,0.634,AISI 1010 carbon steel,2827.2,4.05,Good,
58,80,1000,0,99.43,3686.63,0.631,0.634,AISI 1010 carbon steel,2827.2,4.05,Good,
58,80,1000,0,99.36,3592.58,0.631,0.634,AISI 1010 carbon steel,2827.2,4.05,Good,
59,80,1000,0,99.28,2245.65,0.637,0.631,AISI 1010 carbon steel,2997.7,4.05,Good,
59,80,1000,0,99.04,2858.3,0.637,0.631,AISI 1010 carbon steel,2997.7,4.05,Good,
59,80,1000,0,98.81,3148.09,0.637,0.631,AISI 1010 carbon steel,2997.7,4.05,Good,
59,80,1000,0,98.58,3414.38,0.637,0.631,AISI 1010 carbon steel,2997.7,4.05,Good,
59,80,1000,0,98.36,3616.92,0.637,0.631,AISI 1010 carbon steel,2997.7,4.05,Good,
59,80,1000,0,98.13,4320.71,0.637,0.631,AISI 1010 carbon steel,2997.7,4.05,Good,
59,80,1000,0,97.95,3796.04,0.637,0.631,AISI 1010 carbon steel,2997.7,4.05,Good,
59,80,1000,0,97.77,3605.49,0.637,0.631,AISI 1010 carbon steel,2997.7,4.05,Good,
59,80,1000,0,97.59,3594.02,0.637,0.631,AISI 1010 carbon steel,2997.7,4.05,Good,
59,80,1000,0,97.41,4281.52,0.637,0.631,AISI 1010 carbon steel,2997.7,4.05,Good,
59,80,1000,0,97.24,4058.8,0.637,0.631,AISI 1010 carbon steel,2997.7,4.05,Good,
60,80,1000,0,97.12,2035.11,0.631,0.64,AISI 1010 carbon steel,2946.9,3.73,Good,
60,80,1000,0,97.01,2543.05,0.631,0.64,AISI 1010 carbon steel,2946.9,3.73,Good,
60,80,1000,0,96.88,3039.12,0.631,0.64,AISI 1010 carbon steel,2946.9,3.73,Good,
60,80,1000,0,96.74,3704.78,0.631,0.64,AISI 1010 carbon steel,2946.9,3.73,Good,
60,80,1000,0,96.58,3971.42,0.631,0.64,AISI 1010 carbon steel,2946.9,3.73,Good,
60,80,1000,0,96.42,3403.78,0.631,0.64,AISI 1010 carbon steel,2946.9,3.73,Good,
60,80,1000,0,96.35,3514.17,0.631,0.64,AISI 1010 carbon steel,2946.9,3.73,Good,
60,80,1000,0,96.35,3687.09,0.631,0.64,AISI 1010 carbon steel,2946.9,3.73,Good,
60,80,1000,0,96.32,4306.36,0.631,0.64,AISI 1010 carbon steel,2946.9,3.73,Good,
60,80,1000,0,96.29,3615.49,0.631,0.64,AISI 1010 carbon steel,2946.9,3.73,Good,
61,80,1000,0,96.35,1630.67,0.62,0.634,AISI 1010 carbon steel,2911.6,3.74,Good,
61,80,1000,0,96.77,1893.26,0.62,0.634,AISI 1010 carbon steel,2911.6,3.74,Good,
61,80,1000,0,97.2,2814.64,0.62,0.634,AISI 1010 carbon steel,2911.6,3.74,Good,
61,80,1000,0,97.63,3590.19,0.62,0.634,AISI 1010 carbon steel,2911.6,3.74,Good,
61,80,1000,0,98.08,3053.23,0.62,0.634,AISI 1010 carbon steel,2911.6,3.74,Good,
61,80,1000,0,98.53,3296.48,0.62,0.634,AISI 1010 carbon steel,2911.6,3.74,Good,
61,80,1000,0,98.99,3425.94,0.62,0.634,AISI 1010 carbon steel,2911.6,3.74,Good,
61,80,1000,0,99.45,4085.83,0.62,0.634,AISI 1010 carbon steel,2911.6,3.74,Good,
61,80,1000,0,99.85,3447.46,0.62,0.634,AISI 1010 carbon steel,2911.6,3.74,Good,
61,80,1000,0,100.27,3456.93,0.62,0.634,AISI 1010 carbon steel,2911.6,3.74,Good,
61,80,1000,0,100.69,3379.44,0.62,0.634,AISI 1010 carbon steel,2911.6,3.74,Good,
64,80,1000,0,100.04,1284.98,0.639,0.639,AISI 1010 carbon steel,2978.6,3.39,Good,
64,80,1000,0,100.35,1996.72,0.639,0.639,AISI 1010 carbon steel,2978.6,3.39,Good,
64,80,1000,0,100.67,3256.58,0.639,0.639,AISI 1010 carbon steel,2978.6,3.39,Good,
64,80,1000,0,100.98,3210.31,0.639,0.639,AISI 1010 carbon steel,2978.6,3.39,Good,
64,80,1000,0,101.29,3173.12,0.639,0.639,AISI 1010 carbon steel,2978.6,3.39,Good,
64,80,1000,0,101.61,3169.33,0.639,0.639,AISI 1010 carbon steel,2978.6,3.39,Good,
64,80,1000,0,101.92,3701.06,0.639,0.639,AISI 1010 carbon steel,2978.6,3.39,Good,
64,80,1000,0,102.22,3740.81,0.639,0.639,AISI 1010 carbon steel,2978.6,3.39,Good,
64,80,1000,0,102.53,3266.6,0.639,0.639,AISI 1010 carbon steel,2978.6,3.39,Good,
64,80,1000,0,102.84,3350.3,0.639,0.639,AISI 1010 carbon steel,2978.6,3.39,Good,
64,80,1000,0,103.17,3526.87,0.639,0.639,AISI 1010 carbon steel,2978.6,3.39,Good,
67,80,1000,0,104.74,1206.27,0.634,0.617,AISI 1010 carbon steel,2756.7,3.42,Good,
67,80,1000,0,104.63,2017.29,0.634,0.617,AISI 1010 carbon steel,2756.7,3.42,Good,
67,80,1000,0,104.53,2717.01,0.634,0.617,AISI 1010 carbon steel,2756.7,3.42,Good,
67,80,1000,0,104.44,3043.08,0.634,0.617,AISI 1010 carbon steel,2756.7,3.42,Good,
67,80,1000,0,104.39,3631.16,0.634,0.617,AISI 1010 carbon steel,2756.7,3.42,Good,
67,80,1000,0,104.34,3206.55,0.634,0.617,AISI 1010 carbon steel,2756.7,3.42,Good,
67,80,1000,0,104.28,3378.42,0.634,0.617,AISI 1010 carbon steel,2756.7,3.42,Good,
67,80,1000,0,104.22,3273.44,0.634,0.617,AISI 1010 carbon steel,2756.7,3.42,Good,
67,80,1000,0,104.18,3957.1,0.634,0.617,AISI 1010 carbon steel,2756.7,3.42,Good,
67,80,1000,0,104.14,3509.27,0.634,0.617,AISI 1010 carbon steel,2756.7,3.42,Good,
67,80,1000,0,104.09,3323.5,0.634,0.617,AISI 1010 carbon steel,2756.7,3.42,Good,
68,80,1000,0,103.99,1436.65,0.622,0.623,AISI 1010 carbon steel,2836.2,3.55,Good,
68,80,1000,0,103.89,1763.44,0.622,0.623,AISI 1010 carbon steel,2836.2,3.55,Good,
68,80,1000,0,103.81,2524.04,0.622,0.623,AISI 1010 carbon steel,2836.2,3.55,Good,
68,80,1000,0,103.75,2992.35,0.622,0.623,AISI 1010 carbon steel,2836.2,3.55,Good,
68,80,1000,0,103.71,3007.26,0.622,0.623,AISI 1010 carbon steel,2836.2,3.55,Good,
68,80,1000,0,103.68,3686.63,0.622,0.623,AISI 1010 carbon steel,2836.2,3.55,Good,
68,80,1000,0,103.65,3318.32,0.622,0.623,AISI 1010 carbon steel,2836.2,3.55,Good,
68,80,1000,0,103.68,3255.53,0.622,0.623,AISI 1010 carbon steel,2836.2,3.55,Good,
68,80,1000,0,103.72,3171.5,0.622,0.623,AISI 1010 carbon steel,2836.2,3.55,Good,
68,80,1000,0,103.74,3657.59,0.622,0.623,AISI 1010 carbon steel,2836.2,3.55,Good,
68,80,1000,0,103.75,3610.26,0.622,0.623,AISI 1010 carbon steel,2836.2,3.55,Good,
69,80,1000,0,103.69,1207.7,0.616,0.636,AISI 1010 carbon steel,2654.4,3.47,Good,
69,80,1000,0,103.63,2174.84,0.616,0.636,AISI 1010 carbon steel,2654.4,3.47,Good,
69,80,1000,0,103.57,2611.78,0.616,0.636,AISI 1010 carbon steel,2654.4,3.47,Good,
69,80,1000,0,103.53,2936.07,0.616,0.636,AISI 1010 carbon steel,2654.4,3.47,Good,
69,80,1000,0,103.51,3428.45,0.616,0.636,AISI 1010 carbon steel,2654.4,3.47,Good,
69,80,1000,0,103.49,3429.46,0.616,0.636,AISI 1010 carbon steel,2654.4,3.47,Good,
69,80,1000,0,103.49,3130.56,0.616,0.636,AISI 1010 carbon steel,2654.4,3.47,Good,
69,80,1000,0,103.54,3229.54,0.616,0.636,AISI 1010 carbon steel,2654.4,3.47,Good,
69,80,1000,0,103.58,3457.43,0.616,0.636,AISI 1010 carbon steel,2654.4,3.47,Good,
69,80,1000,0,103.63,3758.7,0.616,0.636,AISI 1010 carbon steel,2654.4,3.47,Good,
69,80,1000,0,103.65,3215.12,0.616,0.636,AISI 1010 carbon steel,2654.4,3.47,Good,
71,80,1000,0,104.11,1419.79,0.626,0.624,AISI 1010 carbon steel,2964.2,3.52,Good,
71,80,1000,0,104.19,2553.85,0.626,0.624,AISI 1010 carbon steel,2964.2,3.52,Good,
71,80,1000,0,104.28,3121.2,0.626,0.624,AISI 1010 carbon steel,2964.2,3.52,Good,
71,80,1000,0,104.37,3521.5,0.626,0.624,AISI 1010 carbon steel,2964.2,3.52,Good,
71,80,1000,0,104.46,3035.72,0.626,0.624,AISI 1010 carbon steel,2964.2,3.52,Good,
71,80,1000,0,104.54,3224.21,0.626,0.624,AISI 1010 carbon steel,2964.2,3.52,Good,
71,80,1000,0,104.62,3206.55,0.626,0.624,AISI 1010 carbon steel,2964.2,3.52,Good,
71,80,1000,0,104.69,3786.97,0.626,0.624,AISI 1010 carbon steel,2964.2,3.52,Good,
71,80,1000,0,104.76,3186.65,0.626,0.624,AISI 1010 carbon steel,2964.2,3.52,Good,
71,80,1000,0,104.82,3291.78,0.626,0.624,AISI 1010 carbon steel,2964.2,3.52,Good,
73,80,1000,0,105.62,1374.24,0.632,0.632,AISI 1010 carbon steel,2820.1,3.38,Good,
73,80,1000,0,105.66,1885.06,0.632,0.632,AISI 1010 carbon steel,2820.1,3.38,Good,
73,80,1000,0,105.7,2706.86,0.632,0.632,AISI 1010 carbon steel,2820.1,3.38,Good,
73,80,1000,0,105.75,3070.65,0.632,0.632,AISI 1010 carbon steel,2820.1,3.38,Good,
73,80,1000,0,105.78,3583.96,0.632,0.632,AISI 1010 carbon steel,2820.1,3.38,Good,
73,80,1000,0,105.81,3086.85,0.632,0.632,AISI 1010 carbon steel,2820.1,3.38,Good,
73,80,1000,0,105.81,3226.34,0.632,0.632,AISI 1010 carbon steel,2820.1,3.38,Good,
73,80,1000,0,105.81,3092.42,0.632,0.632,AISI 1010 carbon steel,2820.1,3.38,Good,
73,80,1000,0,105.81,3701.99,0.632,0.632,AISI 1010 carbon steel,2820.1,3.38,Good,
73,80,1000,0,105.8,3344.14,0.632,0.632,AISI 1010 carbon steel,2820.1,3.38,Good,
73,80,1000,0,105.8,3228.47,0.632,0.632,AISI 1010 carbon steel,2820.1,3.38,Good,
78,80,1000,0,106.35,1806.79,0.645,0.64,AISI 1010 carbon steel,2878.1,3.19,Good,
78,80,1000,0,106.37,2049.43,0.645,0.64,AISI 1010 carbon steel,2878.1,3.19,Good,
78,80,1000,0,106.41,2700.5,0.645,0.64,AISI 1010 carbon steel,2878.1,3.19,Good,
78,80,1000,0,106.43,3089.63,0.645,0.64,AISI 1010 carbon steel,2878.1,3.19,Good,
78,80,1000,0,106.45,3402.77,0.645,0.64,AISI 1010 carbon steel,2878.1,3.19,Good,
78,80,1000,0,106.46,2930.2,0.645,0.64,AISI 1010 carbon steel,2878.1,3.19,Good,
78,80,1000,0,106.46,3143.72,0.645,0.64,AISI 1010 carbon steel,2878.1,3.19,Good,
78,80,1000,0,106.45,3073.45,0.645,0.64,AISI 1010 carbon steel,2878.1,3.19,Good,
78,80,1000,0,106.44,3649.11,0.645,0.64,AISI 1010 carbon steel,2878.1,3.19,Good,
78,80,1000,0,106.43,3144.81,0.645,0.64,AISI 1010 carbon steel,2878.1,3.19,Good,
78,80,1000,0,106.42,3225.27,0.645,0.64,AISI 1010 carbon steel,2878.1,3.19,Good,
80,80,1000,0,106.42,867.96,0.627,0.637,AISI 1010 carbon steel,2744.1,3.38,Good,
80,80,1000,0,106.52,2030.04,0.627,0.637,AISI 1010 carbon steel,2744.1,3.38,Good,
80,80,1000,0,106.6,2459.15,0.627,0.637,AISI 1010 carbon steel,2744.1,3.38,Good,
80,80,1000,0,106.64,2913.13,0.627,0.637,AISI 1010 carbon steel,2744.1,3.38,Good,
80,80,1000,0,106.65,2829.87,0.627,0.637,AISI 1010 carbon steel,2744.1,3.38,Good,
80,80,1000,0,106.65,3365.67,0.627,0.637,AISI 1010 carbon steel,2744.1,3.38,Good,
80,80,1000,0,106.64,2801.78,0.627,0.637,AISI 1010 carbon steel,2744.1,3.38,Good,
80,80,1000,0,106.65,3300.65,0.627,0.637,AISI 1010 carbon steel,2744.1,3.38,Good,
80,80,1000,0,106.64,2905.45,0.627,0.637,AISI 1010 carbon steel,2744.1,3.38,Good,
80,80,1000,0,106.63,3283.41,0.627,0.637,AISI 1010 carbon steel,2744.1,3.38,Good,
80,80,1000,0,106.62,3145.36,0.627,0.637,AISI 1010 carbon steel,2744.1,3.38,Good,
81,80,1000,0,106.6,793.42,0.63,0.63,AISI 1010 carbon steel,2647.2,2.97,Good,
81,80,1000,0,106.59,2208.58,0.63,0.63,AISI 1010 carbon steel,2647.2,2.97,Good,
81,80,1000,0,106.58,3047.03,0.63,0.63,AISI 1010 carbon steel,2647.2,2.97,Good,
81,80,1000,0,106.58,2715.74,0.63,0.63,AISI 1010 carbon steel,2647.2,2.97,Good,
81,80,1000,0,106.57,3051.54,0.63,0.63,AISI 1010 carbon steel,2647.2,2.97,Good,
81,80,1000,0,106.54,2830.48,0.63,0.63,AISI 1010 carbon steel,2647.2,2.97,Good,
81,80,1000,0,106.53,3333.32,0.63,0.63,AISI 1010 carbon steel,2647.2,2.97,Good,
81,80,1000,0,106.43,2995.8,0.63,0.63,AISI 1010 carbon steel,2647.2,2.97,Good,
81,80,1000,0,106.36,3095.2,0.63,0.63,AISI 1010 carbon steel,2647.2,2.97,Good,
81,80,1000,0,106.31,3000.96,0.63,0.63,AISI 1010 carbon steel,2647.2,2.97,Good,
82,80,1000,0,106.29,934.74,0.657,0.637,AISI 1010 carbon steel,3049.1,4.25,Good,
82,80,1000,0,106.27,1692.77,0.657,0.637,AISI 1010 carbon steel,3049.1,4.25,Good,
82,80,1000,0,106.26,2388.18,0.657,0.637,AISI 1010 carbon steel,3049.1,4.25,Good,
82,80,1000,0,106.26,2885.84,0.657,0.637,AISI 1010 carbon steel,3049.1,4.25,Good,
82,80,1000,0,106.25,2735.93,0.657,0.637,AISI 1010 carbon steel,3049.1,4.25,Good,
82,80,1000,0,106.24,3123.96,0.657,0.637,AISI 1010 carbon steel,3049.1,4.25,Good,
82,80,1000,0,106.23,2750.35,0.657,0.637,AISI 1010 carbon steel,3049.1,4.25,Good,
82,80,1000,0,106.22,3105.18,0.657,0.637,AISI 1010 carbon steel,3049.1,4.25,Good,
82,80,1000,0,106.23,2794.4,0.657,0.637,AISI 1010 carbon steel,3049.1,4.25,Good,
82,80,1000,0,106.23,3211.38,0.657,0.637,AISI 1010 carbon steel,3049.1,4.25,Good,
82,80,1000,0,106.23,2931.38,0.657,0.637,AISI 1010 carbon steel,3049.1,4.25,Good,
86,80,800,0,114.92,2260.16,0.645,0.625,AISI 1010 carbon steel,2616.1,3.22,Good,
86,80,800,0,114.96,2511.74,0.645,0.625,AISI 1010 carbon steel,2616.1,3.22,Good,
86,80,800,0,115.45,3088.52,0.645,0.625,AISI 1010 carbon steel,2616.1,3.22,Good,
86,80,800,0,113.22,3960.14,0.645,0.625,AISI 1010 carbon steel,2616.1,3.22,Good,
86,80,800,0,114.34,3539.53,0.645,0.625,AISI 1010 carbon steel,2616.1,3.22,Good,
86,80,800,0,113.46,3314.17,0.645,0.625,AISI 1010 carbon steel,2616.1,3.22,Good,
86,80,800,0,114.91,3261.86,0.645,0.625,AISI 1010 carbon steel,2616.1,3.22,Good,
86,80,800,0,113.5,3663.22,0.645,0.625,AISI 1010 carbon steel,2616.1,3.22,Good,
89,80,800,0,114.05,1295.64,0.628,0.634,AISI 1010 carbon steel,2992.3,3.31,Explode,
89,80,800,0,114.04,1792.46,0.628,0.634,AISI 1010 carbon steel,2992.3,3.31,Explode,
89,80,800,0,114.03,2493.88,0.628,0.634,AISI 1010 carbon steel,2992.3,3.31,Explode,
89,80,800,0,114.03,2890.01,0.628,0.634,AISI 1010 carbon steel,2992.3,3.31,Explode,
89,80,800,0,114.03,2897.74,0.628,0.634,AISI 1010 carbon steel,2992.3,3.31,Explode,
89,80,800,0,114.03,3526.39,0.628,0.634,AISI 1010 carbon steel,2992.3,3.31,Explode,
89,80,800,0,114.02,3172.58,0.628,0.634,AISI 1010 carbon steel,2992.3,3.31,Explode,
89,80,800,0,114.0,3222.61,0.628,0.634,AISI 1010 carbon steel,2992.3,3.31,Explode,
89,80,800,0,113.99,3086.85,0.628,0.634,AISI 1010 carbon steel,2992.3,3.31,Explode,
90,80,800,0,114.0,1180.33,0.635,0.623,AISI 1010 carbon steel,2781.8,3.71,Good,
90,80,800,0,114.02,1589.0,0.635,0.623,AISI 1010 carbon steel,2781.8,3.71,Good,
90,80,800,0,114.03,2071.14,0.635,0.623,AISI 1010 carbon steel,2781.8,3.71,Good,
90,80,800,0,114.04,2589.29,0.635,0.623,AISI 1010 carbon steel,2781.8,3.71,Good,
90,80,800,0,114.05,2708.76,0.635,0.623,AISI 1010 carbon steel,2781.8,3.71,Good,
90,80,800,0,114.07,3388.59,0.635,0.623,AISI 1010 carbon steel,2781.8,3.71,Good,
90,80,800,0,114.08,3363.11,0.635,0.623,AISI 1010 carbon steel,2781.8,3.71,Good,
90,80,800,0,114.09,3020.95,0.635,0.623,AISI 1010 carbon steel,2781.8,3.71,Good,
90,80,800,0,114.09,3091.3,0.635,0.623,AISI 1010 carbon steel,2781.8,3.71,Good,
94,80,800,0,115.32,1073.49,0.645,0.632,AISI 1010 carbon steel,2644.8,3.28,Good,
94,80,800,0,115.27,2275.33,0.645,0.632,AISI 1010 carbon steel,2644.8,3.28,Good,
94,80,800,0,115.24,2814.03,0.645,0.632,AISI 1010 carbon steel,2644.8,3.28,Good,
94,80,800,0,115.22,2827.44,0.645,0.632,AISI 1010 carbon steel,2644.8,3.28,Good,
94,80,800,0,115.2,3445.97,0.645,0.632,AISI 1010 carbon steel,2644.8,3.28,Good,
94,80,800,0,115.17,3164.44,0.645,0.632,AISI 1010 carbon steel,2644.8,3.28,Good,
94,80,800,0,115.15,3119.55,0.645,0.632,AISI 1010 carbon steel,2644.8,3.28,Good,
94,80,800,0,115.13,3066.73,0.645,0.632,AISI 1010 carbon steel,2644.8,3.28,Good,
95,80,800,0,115.11,1140.31,0.623,0.633,AISI 1010 carbon steel,2585.6,3.14,Good,
95,80,800,0,115.08,1892.35,0.623,0.633,AISI 1010 carbon steel,2585.6,3.14,Good,
95,80,800,0,115.02,2582.64,0.623,0.633,AISI 1010 carbon steel,2585.6,3.14,Good,
95,80,800,0,114.97,2860.7,0.623,0.633,AISI 1010 carbon steel,2585.6,3.14,Good,
95,80,800,0,114.94,2861.3,0.623,0.633,AISI 1010 carbon steel,2585.6,3.14,Good,
95,80,800,0,114.9,3387.57,0.623,0.633,AISI 1010 carbon steel,2585.6,3.14,Good,
95,80,800,0,114.87,3290.21,0.623,0.633,AISI 1010 carbon steel,2585.6,3.14,Good,
95,80,800,0,114.83,3048.72,0.623,0.633,AISI 1010 carbon steel,2585.6,3.14,Good,
95,80,800,0,114.79,3100.19,0.623,0.633,AISI 1010 carbon steel,2585.6,3.14,Good,
96,80,800,0,114.78,1421.0,0.634,0.636,AISI 1010 carbon steel,2996.5,3.22,Good,
96,80,800,0,114.82,1908.64,0.634,0.636,AISI 1010 carbon steel,2996.5,3.22,Good,
96,80,800,0,114.85,2553.17,0.634,0.636,AISI 1010 carbon steel,2996.5,3.22,Good,
96,80,800,0,114.89,3127.81,0.634,0.636,AISI 1010 carbon steel,2996.5,3.22,Good,
96,80,800,0,114.91,3230.07,0.634,0.636,AISI 1010 carbon steel,2996.5,3.22,Good,
96,80,800,0,114.93,2945.43,0.634,0.636,AISI 1010 carbon steel,2996.5,3.22,Good,
96,80,800,0,114.94,3072.33,0.634,0.636,AISI 1010 carbon steel,2996.5,3.22,Good,
96,80,800,0,114.95,3145.9,0.634,0.636,AISI 1010 carbon steel,2996.5,3.22,Good,
96,80,800,0,114.97,3525.9,0.634,0.636,AISI 1010 carbon steel,2996.5,3.22,Good,
97,80,800,0,115.0,1200.56,0.625,0.636,AISI 1010 carbon steel,2787.8,3.46,Good,
97,80,800,0,115.04,2783.92,0.625,0.636,AISI 1010 carbon steel,2787.8,3.46,Good,
97,80,800,0,115.09,3137.14,0.625,0.636,AISI 1010 carbon steel,2787.8,3.46,Good,
97,80,800,0,115.14,2806.07,0.625,0.636,AISI 1010 carbon steel,2787.8,3.46,Good,
97,80,800,0,115.17,2975.64,0.625,0.636,AISI 1010 carbon steel,2787.8,3.46,Good,
97,80,800,0,115.2,3079.04,0.625,0.636,AISI 1010 carbon steel,2787.8,3.46,Good,
97,80,800,0,115.24,3493.55,0.625,0.636,AISI 1010 carbon steel,2787.8,3.46,Good,
97,80,800,0,115.28,2968.11,0.625,0.636,AISI 1010 carbon steel,2787.8,3.46,Good,
98,80,800,0,115.33,897.19,0.632,0.634,AISI 1010 carbon steel,2565.9,3.26,Good,
98,80,800,0,115.38,1954.06,0.632,0.634,AISI 1010 carbon steel,2565.9,3.26,Good,
98,80,800,0,115.44,2964.05,0.632,0.634,AISI 1010 carbon steel,2565.9,3.26,Good,
98,80,800,0,115.51,2803.0,0.632,0.634,AISI 1010 carbon steel,2565.9,3.26,Good,
98,80,800,0,115.55,2979.1,0.632,0.634,AISI 1010 carbon steel,2565.9,3.26,Good,
98,80,800,0,115.6,2894.18,0.632,0.634,AISI 1010 carbon steel,2565.9,3.26,Good,
98,80,800,0,115.66,3408.33,0.632,0.634,AISI 1010 carbon steel,2565.9,3.26,Good,
98,80,800,0,115.72,3238.58,0.632,0.634,AISI 1010 carbon steel,2565.9,3.26,Good,
98,80,800,0,115.78,3086.85,0.632,0.634,AISI 1010 carbon steel,2565.9,3.26,Good,
99,80,800,0,115.78,1238.63,0.653,0.635,AISI 1010 carbon steel,2582.0,3.09,Good,
99,80,800,0,115.7,2416.11,0.653,0.635,AISI 1010 carbon steel,2582.0,3.09,Good,
99,80,800,0,115.63,3315.73,0.653,0.635,AISI 1010 carbon steel,2582.0,3.09,Good,
99,80,800,0,115.57,2988.9,0.653,0.635,AISI 1010 carbon steel,2582.0,3.09,Good,
99,80,800,0,115.52,3076.24,0.653,0.635,AISI 1010 carbon steel,2582.0,3.09,Good,
99,80,800,0,115.47,2995.22,0.653,0.635,AISI 1010 carbon steel,2582.0,3.09,Good,
99,80,800,0,115.42,3514.17,0.653,0.635,AISI 1010 carbon steel,2582.0,3.09,Good,
99,80,800,0,115.37,3366.69,0.653,0.635,AISI 1010 carbon steel,2582.0,3.09,Good,
100,80,800,0,115.36,1105.07,0.626,0.631,AISI 1010 carbon steel,2783.6,3.55,Good,
100,80,800,0,115.33,2329.12,0.626,0.631,AISI 1010 carbon steel,2783.6,3.55,Good,
100,80,800,0,115.3,2870.91,0.626,0.631,AISI 1010 carbon steel,2783.6,3.55,Good,
100,80,800,0,115.27,3221.54,0.626,0.631,AISI 1010 carbon steel,2783.6,3.55,Good,
100,80,800,0,115.25,2915.49,0.626,0.631,AISI 1010 carbon steel,2783.6,3.55,Good,
100,80,800,0,115.22,3031.19,0.626,0.631,AISI 1010 carbon steel,2783.6,3.55,Good,
100,80,800,0,115.2,3128.36,0.626,0.631,AISI 1010 carbon steel,2783.6,3.55,Good,
100,80,800,0,115.17,3559.4,0.626,0.631,AISI 1010 carbon steel,2783.6,3.55,Good,
100,80,800,0,115.14,3037.42,0.626,0.631,AISI 1010 carbon steel,2783.6,3.55,Good,
103,80,800,0,115.78,1060.59,0.631,0.63,AISI 1010 carbon steel,2657.4,3.22,Good,
103,80,800,0,115.8,2030.04,0.631,0.63,AISI 1010 carbon steel,2657.4,3.22,Good,
103,80,800,0,115.82,2571.97,0.631,0.63,AISI 1010 carbon steel,2657.4,3.22,Good,
103,80,800,0,115.84,3179.08,0.631,0.63,AISI 1010 carbon steel,2657.4,3.22,Good,
103,80,800,0,115.86,3218.87,0.631,0.63,AISI 1010 carbon steel,2657.4,3.22,Good,
103,80,800,0,115.87,2956.5,0.631,0.63,AISI 1010 carbon steel,2657.4,3.22,Good,
103,80,800,0,115.89,3061.11,0.631,0.63,AISI 1010 carbon steel,2657.4,3.22,Good,
103,80,800,0,115.91,3172.58,0.631,0.63,AISI 1010 carbon steel,2657.4,3.22,Good,
103,80,800,0,115.91,3560.85,0.631,0.63,AISI 1010 carbon steel,2657.4,3.22,Good,
106,80,800,0,116.01,746.51,0.639,0.637,AISI 1010 carbon steel,2702.2,3.34,Good,
106,80,800,0,116.02,2008.74,0.639,0.637,AISI 1010 carbon steel,2702.2,3.34,Good,
106,80,800,0,116.03,2561.24,0.639,0.637,AISI 1010 carbon steel,2702.2,3.34,Good,
106,80,800,0,116.04,2736.56,0.639,0.637,AISI 1010 carbon steel,2702.2,3.34,Good,
106,80,800,0,116.05,3257.11,0.639,0.637,AISI 1010 carbon steel,2702.2,3.34,Good,
106,80,800,0,116.07,3345.68,0.639,0.637,AISI 1010 carbon steel,2702.2,3.34,Good,
106,80,800,0,116.08,2995.8,0.639,0.637,AISI 1010 carbon steel,2702.2,3.34,Good,
106,80,800,0,116.09,3094.64,0.639,0.637,AISI 1010 carbon steel,2702.2,3.34,Good,
106,80,800,0,116.1,3162.81,0.639,0.637,AISI 1010 carbon steel,2702.2,3.34,Good,
107,80,800,0,116.1,1150.82,0.638,0.64,AISI 1010 carbon steel,2652.0,3.1,Good,
107,80,800,0,116.08,1837.94,0.638,0.64,AISI 1010 carbon steel,2652.0,3.1,Good,
107,80,800,0,116.05,3080.71,0.638,0.64,AISI 1010 carbon steel,2652.0,3.1,Good,
107,80,800,0,116.03,3275.54,0.638,0.64,AISI 1010 carbon steel,2652.0,3.1,Good,
107,80,800,0,116.02,2965.79,0.638,0.64,AISI 1010 carbon steel,2652.0,3.1,Good,
107,80,800,0,116.02,3044.77,0.638,0.64,AISI 1010 carbon steel,2652.0,3.1,Good,
107,80,800,0,116.01,3312.1,0.638,0.64,AISI 1010 carbon steel,2652.0,3.1,Good,
107,80,800,0,116.01,3627.37,0.638,0.64,AISI 1010 carbon steel,2652.0,3.1,Good,
107,80,800,0,116.01,3104.63,0.638,0.64,AISI 1010 carbon steel,2652.0,3.1,Good,
108,80,800,0,116.0,1565.0,0.636,0.639,AISI 1010 carbon steel,2665.1,3.14,Good,
108,80,800,0,115.98,2028.34,0.636,0.639,AISI 1010 carbon steel,2665.1,3.14,Good,
108,80,800,0,115.97,2680.04,0.636,0.639,AISI 1010 carbon steel,2665.1,3.14,Good,
108,80,800,0,115.96,2830.48,0.636,0.639,AISI 1010 carbon steel,2665.1,3.14,Good,
108,80,800,0,115.94,3319.88,0.636,0.639,AISI 1010 carbon steel,2665.1,3.14,Good,
108,80,800,0,115.93,3389.6,0.636,0.639,AISI 1010 carbon steel,2665.1,3.14,Good,
108,80,800,0,115.91,2999.81,0.636,0.639,AISI 1010 carbon steel,2665.1,3.14,Good,
108,80,800,0,115.9,3132.21,0.636,0.639,AISI 1010 carbon steel,2665.1,3.14,Good,
108,80,800,0,115.89,3219.4,0.636,0.639,AISI 1010 carbon steel,2665.1,3.14,Good,
109,80,800,0,115.89,1312.79,0.638,0.632,AISI 1010 carbon steel,2580.8,3.75,Good,
109,80,800,0,115.87,2269.27,0.638,0.632,AISI 1010 carbon steel,2580.8,3.75,Good,
109,80,800,0,115.86,3246.53,0.638,0.632,AISI 1010 carbon steel,2580.8,3.75,Good,
109,80,800,0,115.85,3046.47,0.638,0.632,AISI 1010 carbon steel,2580.8,3.75,Good,
109,80,800,0,115.84,3015.83,0.638,0.632,AISI 1010 carbon steel,2580.8,3.75,Good,
109,80,800,0,115.83,2957.08,0.638,0.632,AISI 1010 carbon steel,2580.8,3.75,Good,
109,80,800,0,115.82,3452.45,0.638,0.632,AISI 1010 carbon steel,2580.8,3.75,Good,
109,80,800,0,115.8,3371.29,0.638,0.632,AISI 1010 carbon steel,2580.8,3.75,Good,
110,80,800,0,115.77,1484.93,0.642,0.634,AISI 1010 carbon steel,2981.5,3.2,Good,
110,80,800,0,115.76,2690.29,0.642,0.634,AISI 1010 carbon steel,2981.5,3.2,Good,
110,80,800,0,115.74,3025.51,0.642,0.634,AISI 1010 carbon steel,2981.5,3.2,Good,
110,80,800,0,115.71,3053.23,0.642,0.634,AISI 1010 carbon steel,2981.5,3.2,Good,
110,80,800,0,115.69,3622.15,0.642,0.634,AISI 1010 carbon steel,2981.5,3.2,Good,
110,80,800,0,115.66,3163.35,0.642,0.634,AISI 1010 carbon steel,2981.5,3.2,Good,
110,80,800,0,115.63,3115.69,0.642,0.634,AISI 1010 carbon steel,2981.5,3.2,Good,
110,80,800,0,115.6,3074.57,0.642,0.634,AISI 1010 carbon steel,2981.5,3.2,Good,
111,80,800,0,115.55,1568.3,0.638,0.634,AISI 1010 carbon steel,2832.0,2.96,Good,
111,80,800,0,115.5,2117.94,0.638,0.634,AISI 1010 carbon steel,2832.0,2.96,Good,
111,80,800,0,115.49,2728.38,0.638,0.634,AISI 1010 carbon steel,2832.0,2.96,Good,
111,80,800,0,115.51,3464.88,0.638,0.634,AISI 1010 carbon steel,2832.0,2.96,Good,
111,80,800,0,115.52,3130.01,0.638,0.634,AISI 1010 carbon steel,2832.0,2.96,Good,
111,80,800,0,115.51,3019.25,0.638,0.634,AISI 1010 carbon steel,2832.0,2.96,Good,
111,80,800,0,115.5,3011.26,0.638,0.634,AISI 1010 carbon steel,2832.0,2.96,Good,
111,80,800,0,115.5,3483.69,0.638,0.634,AISI 1010 carbon steel,2832.0,2.96,Good,
111,80,800,0,115.49,3371.8,0.638,0.634,AISI 1010 carbon steel,2832.0,2.96,Good,
112,80,800,0,115.48,1578.14,0.634,0.635,AISI 1010 carbon steel,2594.0,3.28,Good,
112,80,800,0,115.49,2303.87,0.634,0.635,AISI 1010 carbon steel,2594.0,3.28,Good,
112,80,800,0,115.5,2637.99,0.634,0.635,AISI 1010 carbon steel,2594.0,3.28,Good,
112,80,800,0,115.51,2866.71,0.634,0.635,AISI 1010 carbon steel,2594.0,3.28,Good,
112,80,800,0,115.53,2892.99,0.634,0.635,AISI 1010 carbon steel,2594.0,3.28,Good,
112,80,800,0,115.54,3500.93,0.634,0.635,AISI 1010 carbon steel,2594.0,3.28,Good,
112,80,800,0,115.56,3241.76,0.634,0.635,AISI 1010 carbon steel,2594.0,3.28,Good,
112,80,800,0,115.58,3015.83,0.634,0.635,AISI 1010 carbon steel,2594.0,3.28,Good,
112,80,800,0,115.61,3100.19,0.634,0.635,AISI 1010 carbon steel,2594.0,3.28,Good,
113,80,800,0,115.65,1150.82,0.632,0.632,AISI 1010 carbon steel,2511.4,3.02,Good,
113,80,800,0,115.69,1769.28,0.632,0.632,AISI 1010 carbon steel,2511.4,3.02,Good,
113,80,800,0,115.73,2334.28,0.632,0.632,AISI 1010 carbon steel,2511.4,3.02,Good,
113,80,800,0,115.76,3221.0,0.632,0.632,AISI 1010 carbon steel,2511.4,3.02,Good,
113,80,800,0,115.79,3052.11,0.632,0.632,AISI 1010 carbon steel,2511.4,3.02,Good,
113,80,800,0,115.83,3027.78,0.632,0.632,AISI 1010 carbon steel,2511.4,3.02,Good,
113,80,800,0,115.85,2998.09,0.632,0.632,AISI 1010 carbon steel,2511.4,3.02,Good,
113,80,800,0,115.88,3384.52,0.632,0.632,AISI 1010 carbon steel,2511.4,3.02,Good,
113,80,800,0,115.92,3435.47,0.632,0.632,AISI 1010 carbon steel,2511.4,3.02,Good,
114,80,800,0,115.92,1467.45,0.646,0.651,AISI 1010 carbon steel,3062.9,3.28,Good,
114,80,800,0,115.93,1693.79,0.646,0.651,AISI 1010 carbon steel,3062.9,3.28,Good,
114,80,800,0,115.93,2536.95,0.646,0.651,AISI 1010 carbon steel,3062.9,3.28,Good,
114,80,800,0,115.95,2810.36,0.646,0.651,AISI 1010 carbon steel,3062.9,3.28,Good,
114,80,800,0,115.96,2739.07,0.646,0.651,AISI 1010 carbon steel,3062.9,3.28,Good,
114,80,800,0,115.97,3349.28,0.646,0.651,AISI 1010 carbon steel,3062.9,3.28,Good,
114,80,800,0,115.98,3195.81,0.646,0.651,AISI 1010 carbon steel,3062.9,3.28,Good,
114,80,800,0,115.98,3025.51,0.646,0.651,AISI 1010 carbon steel,3062.9,3.28,Good,
114,80,800,0,115.99,3034.59,0.646,0.651,AISI 1010 carbon steel,3062.9,3.28,Good,
116,80,800,0,115.97,1255.19,0.633,0.64,AISI 1010 carbon steel,2643.0,3.07,Good,
116,80,800,0,115.98,2231.05,0.633,0.64,AISI 1010 carbon steel,2643.0,3.07,Good,
116,80,800,0,116.0,2590.62,0.633,0.64,AISI 1010 carbon steel,2643.0,3.07,Good,
116,80,800,0,116.02,2760.96,0.633,0.64,AISI 1010 carbon steel,2643.0,3.07,Good,
116,80,800,0,116.02,3223.14,0.633,0.64,AISI 1010 carbon steel,2643.0,3.07,Good,
116,80,800,0,116.02,3358.0,0.633,0.64,AISI 1010 carbon steel,2643.0,3.07,Good,
116,80,800,0,116.03,2941.92,0.633,0.64,AISI 1010 carbon steel,2643.0,3.07,Good,
116,80,800,0,116.04,3088.52,0.633,0.64,AISI 1010 carbon steel,2643.0,3.07,Good,
116,80,800,0,116.04,3104.63,0.633,0.64,AISI 1010 carbon steel,2643.0,3.07,Good,
117,80,800,0,116.03,639.81,0.632,0.634,AISI 1010 carbon steel,2760.2,3.73,Good,
117,80,800,0,116.01,2311.33,0.642,0.644,AISI 1010 carbon steel,2760.2,3.73,Good,
117,80,800,0,116.01,2831.7,0.642,0.644,AISI 1010 carbon steel,2760.2,3.73,Good,
117,80,800,0,116.01,3184.49,0.642,0.644,AISI 1010 carbon steel,2760.2,3.73,Good,
117,80,800,0,116.01,2825.01,0.642,0.644,AISI 1010 carbon steel,2760.2,3.73,Good,
117,80,800,0,116.0,3056.05,0.642,0.644,AISI 1010 carbon steel,2760.2,3.73,Good,
117,80,800,0,115.99,2920.21,0.642,0.644,AISI 1010 carbon steel,2760.2,3.73,Good,
117,80,800,0,115.98,3508.78,0.642,0.644,AISI 1010 carbon steel,2760.2,3.73,Good,
118,80,800,0,115.95,835.65,0.635,0.635,AISI 1010 carbon steel,2692.7,3.42,Good,
118,80,800,0,115.94,2123.62,0.635,0.635,AISI 1010 carbon steel,2692.7,3.42,Good,
118,80,800,0,115.94,3006.12,0.635,0.635,AISI 1010 carbon steel,2692.7,3.42,Good,
118,80,800,0,115.93,3068.41,0.635,0.635,AISI 1010 carbon steel,2692.7,3.42,Good,
118,80,800,0,115.92,2895.96,0.635,0.635,AISI 1010 carbon steel,2692.7,3.42,Good,
118,80,800,0,115.92,2979.1,0.635,0.635,AISI 1010 carbon steel,2692.7,3.42,Good,
118,80,800,0,115.92,3100.19,0.635,0.635,AISI 1010 carbon steel,2692.7,3.42,Good,
118,80,800,0,115.91,3470.34,0.635,0.635,AISI 1010 carbon steel,2692.7,3.42,Good,
119,80,800,0,115.88,1306.22,0.627,0.641,AISI 1010 carbon steel,2685.5,3.28,Good,
119,80,800,0,115.84,2179.58,0.627,0.641,AISI 1010 carbon steel,2685.5,3.28,Good,
119,80,800,0,115.86,3205.48,0.627,0.641,AISI 1010 carbon steel,2685.5,3.28,Good,
119,80,800,0,115.88,3003.83,0.627,0.641,AISI 1010 carbon steel,2685.5,3.28,Good,
119,80,800,0,115.89,2963.47,0.627,0.641,AISI 1010 carbon steel,2685.5,3.28,Good,
119,80,800,0,115.9,2934.31,0.627,0.641,AISI 1010 carbon steel,2685.5,3.28,Good,
119,80,800,0,115.9,3266.08,0.627,0.641,AISI 1010 carbon steel,2685.5,3.28,Good,
119,80,800,0,115.9,3357.48,0.627,0.641,AISI 1010 carbon steel,2685.5,3.28,Good,
119,80,800,0,115.91,2965.79,0.627,0.641,AISI 1010 carbon steel,2685.5,3.28,Good,
120,80,800,0,115.9,837.7,0.637,0.623,AISI 1010 carbon steel,2796.1,3.3,Good,
120,80,800,0,115.91,2389.62,0.637,0.623,AISI 1010 carbon steel,2796.1,3.3,Good,
120,80,800,0,115.92,2749.73,0.637,0.623,AISI 1010 carbon steel,2796.1,3.3,Good,
120,80,800,0,115.93,3048.16,0.637,0.623,AISI 1010 carbon steel,2796.1,3.3,Good,
120,80,800,0,115.93,3338.47,0.637,0.623,AISI 1010 carbon steel,2796.1,3.3,Good,
120,80,800,0,115.93,2882.86,0.637,0.623,AISI 1010 carbon steel,2796.1,3.3,Good,
120,80,800,0,115.93,3050.98,0.637,0.623,AISI 1010 carbon steel,2796.1,3.3,Good,
120,80,800,0,115.93,3011.83,0.637,0.623,AISI 1010 carbon steel,2796.1,3.3,Good,
121,80,800,0,115.89,873.88,0.623,0.637,AISI 1010 carbon steel,2677.7,3.25,Good,
121,80,800,0,115.83,2007.89,0.623,0.637,AISI 1010 carbon steel,2677.7,3.25,Good,
121,80,800,0,115.77,2553.17,0.623,0.637,AISI 1010 carbon steel,2677.7,3.25,Good,
121,80,800,0,115.71,3473.31,0.623,0.637,AISI 1010 carbon steel,2677.7,3.25,Good,
121,80,800,0,115.64,3016.97,0.623,0.637,AISI 1010 carbon steel,2677.7,3.25,Good,
121,80,800,0,115.56,3230.6,0.623,0.637,AISI 1010 carbon steel,2677.7,3.25,Good,
121,80,800,0,115.48,3091.86,0.623,0.637,AISI 1010 carbon steel,2677.7,3.25,Good,
121,80,800,0,115.39,3715.44,0.623,0.637,AISI 1010 carbon steel,2677.7,3.25,Good,
121,80,800,0,115.31,3362.09,0.623,0.637,AISI 1010 carbon steel,2677.7,3.25,Good,
125,80,800,0,112.75,1307.54,0.637,0.644,AISI 1010 carbon steel,2963.0,3.44,Good,
125,80,800,0,112.86,2127.67,0.637,0.644,AISI 1010 carbon steel,2963.0,3.44,Good,
125,80,800,0,113.13,3272.39,0.637,0.644,AISI 1010 carbon steel,2963.0,3.44,Good,
125,80,800,0,113.41,3342.59,0.637,0.644,AISI 1010 carbon steel,2963.0,3.44,Good,
125,80,800,0,113.66,3027.21,0.637,0.644,AISI 1010 carbon steel,2963.0,3.44,Good,
125,80,800,0,113.92,3140.43,0.637,0.644,AISI 1010 carbon steel,2963.0,3.44,Good,
125,80,800,0,114.16,3281.84,0.637,0.644,AISI 1010 carbon steel,2963.0,3.44,Good,
125,80,800,0,114.4,3713.59,0.637,0.644,AISI 1010 carbon steel,2963.0,3.44,Good,
125,80,800,0,114.64,3127.81,0.637,0.644,AISI 1010 carbon steel,2963.0,3.44,Good,
126,80,800,0,114.64,1935.48,0.625,0.634,AISI 1010 carbon steel,2726.7,3.28,Good,
126,80,800,0,114.49,1995.0,0.625,0.634,AISI 1010 carbon steel,2726.7,3.28,Good,
126,80,800,0,114.36,2936.07,0.625,0.634,AISI 1010 carbon steel,2726.7,3.28,Good,
126,80,800,0,114.25,3548.75,0.625,0.634,AISI 1010 carbon steel,2726.7,3.28,Good,
126,80,800,0,114.15,3084.06,0.625,0.634,AISI 1010 carbon steel,2726.7,3.28,Good,
126,80,800,0,114.05,3256.06,0.625,0.634,AISI 1010 carbon steel,2726.7,3.28,Good,
126,80,800,0,113.96,3144.81,0.625,0.634,AISI 1010 carbon steel,2726.7,3.28,Good,
126,80,800,0,113.88,3771.95,0.625,0.634,AISI 1010 carbon steel,2726.7,3.28,Good,
126,80,800,0,113.8,3341.56,0.625,0.634,AISI 1010 carbon steel,2726.7,3.28,Good,
127,80,800,0,113.81,1270.17,0.625,0.626,AISI 1010 carbon steel,3123.9,3.45,Good,
127,80,800,0,113.82,2275.33,0.625,0.626,AISI 1010 carbon steel,3123.9,3.45,Good,
127,80,800,0,113.84,3201.19,0.625,0.626,AISI 1010 carbon steel,3123.9,3.45,Good,
127,80,800,0,113.85,3126.16,0.625,0.626,AISI 1010 carbon steel,3123.9,3.45,Good,
127,80,800,0,113.85,3040.82,0.625,0.626,AISI 1010 carbon steel,3123.9,3.45,Good,
127,80,800,0,113.84,3025.51,0.625,0.626,AISI 1010 carbon steel,3123.9,3.45,Good,
127,80,800,0,113.85,3419.41,0.625,0.626,AISI 1010 carbon steel,3123.9,3.45,Good,
127,80,800,0,113.86,3519.06,0.625,0.626,AISI 1010 carbon steel,3123.9,3.45,Good,
127,80,800,0,113.87,3106.29,0.625,0.626,AISI 1010 carbon steel,3123.9,3.45,Good,
128,80,800,0,114.05,1055.72,0.634,0.633,AISI 1010 carbon steel,2437.3,2.91,Good,
128,80,800,0,114.22,2362.84,0.634,0.633,AISI 1010 carbon steel,2437.3,2.91,Good,
128,80,800,0,114.36,2804.84,0.634,0.633,AISI 1010 carbon steel,2437.3,2.91,Good,
128,80,800,0,114.48,3311.06,0.634,0.633,AISI 1010 carbon steel,2437.3,2.91,Good,
128,80,800,0,114.61,3509.27,0.634,0.633,AISI 1010 carbon steel,2437.3,2.91,Good,
128,80,800,0,114.74,3087.41,0.634,0.633,AISI 1010 carbon steel,2437.3,2.91,Good,
128,80,800,0,114.86,3265.02,0.634,0.633,AISI 1010 carbon steel,2437.3,2.91,Good,
128,80,800,0,114.99,3318.32,0.634,0.633,AISI 1010 carbon steel,2437.3,2.91,Good,
128,80,800,0,115.0,3880.29,0.634,0.633,AISI 1010 carbon steel,2437.3,2.91,Good,
130,80,800,0,114.68,1187.59,0.629,0.641,AISI 1010 carbon steel,2787.2,3.4,Good,
130,80,800,0,114.62,2446.53,0.629,0.641,AISI 1010 carbon steel,2787.2,3.4,Good,
130,80,800,0,114.56,3395.18,0.629,0.641,AISI 1010 carbon steel,2787.2,3.4,Good,
130,80,800,0,114.53,3094.08,0.629,0.641,AISI 1010 carbon steel,2787.2,3.4,Good,
130,80,800,0,114.49,3101.86,0.629,0.641,AISI 1010 carbon steel,2787.2,3.4,Good,
130,80,800,0,114.45,3035.72,0.629,0.641,AISI 1010 carbon steel,2787.2,3.4,Good,
130,80,800,0,114.4,3445.97,0.629,0.641,AISI 1010 carbon steel,2787.2,3.4,Good,
130,80,800,0,114.37,3519.55,0.629,0.641,AISI 1010 carbon steel,2787.2,3.4,Good,
130,80,800,0,114.32,3082.39,0.629,0.641,AISI 1010 carbon steel,2787.2,3.4,Good,
131,80,800,0,114.29,1044.25,0.637,0.622,AISI 1010 carbon steel,2725.6,3.72,Good,
131,80,800,0,114.33,2336.49,0.637,0.622,AISI 1010 carbon steel,2725.6,3.72,Good,
131,80,800,0,114.36,2747.22,0.637,0.622,AISI 1010 carbon steel,2725.6,3.72,Good,
131,80,800,0,114.42,2958.25,0.637,0.622,AISI 1010 carbon steel,2725.6,3.72,Good,
131,80,800,0,114.43,3247.59,0.637,0.622,AISI 1010 carbon steel,2725.6,3.72,Good,
131,80,800,0,114.44,3624.99,0.637,0.622,AISI 1010 carbon steel,2725.6,3.72,Good,
131,80,800,0,114.44,3070.65,0.637,0.622,AISI 1010 carbon steel,2725.6,3.72,Good,
131,80,800,0,114.44,3265.02,0.637,0.622,AISI 1010 carbon steel,2725.6,3.72,Good,
131,80,800,0,114.45,3159.54,0.637,0.622,AISI 1010 carbon steel,2725.6,3.72,Good,
132,80,800,0,114.45,965.52,0.634,0.639,AISI 1010 carbon steel,2804.5,3.52,Good,
132,80,800,0,114.45,2273.81,0.634,0.639,AISI 1010 carbon steel,2804.5,3.52,Good,
132,80,800,0,114.45,2750.98,0.634,0.639,AISI 1010 carbon steel,2804.5,3.52,Good,
132,80,800,0,114.44,3300.65,0.634,0.639,AISI 1010 carbon steel,2804.5,3.52,Good,
132,80,800,0,114.42,2872.7,0.634,0.639,AISI 1010 carbon steel,2804.5,3.52,Good,
132,80,800,0,114.41,3063.36,0.634,0.639,AISI 1010 carbon steel,2804.5,3.52,Good,
132,80,800,0,114.4,2945.43,0.634,0.639,AISI 1010 carbon steel,2804.5,3.52,Good,
132,80,800,0,114.38,3430.46,0.634,0.639,AISI 1010 carbon steel,2804.5,3.52,Good,
134,80,800,0,114.62,1050.82,0.636,0.648,AISI 1010 carbon steel,2834.4,3.72,Good,
134,80,800,0,114.62,1914.04,0.636,0.648,AISI 1010 carbon steel,2834.4,3.72,Good,
134,80,800,0,114.64,3131.66,0.636,0.648,AISI 1010 carbon steel,2834.4,3.72,Good,
134,80,800,0,114.66,2953.01,0.636,0.648,AISI 1010 carbon steel,2834.4,3.72,Good,
134,80,800,0,114.66,3008.97,0.636,0.648,AISI 1010 carbon steel,2834.4,3.72,Good,
134,80,800,0,114.67,2953.01,0.636,0.648,AISI 1010 carbon steel,2834.4,3.72,Good,
134,80,800,0,114.68,3263.44,0.636,0.648,AISI 1010 carbon steel,2834.4,3.72,Good,
134,80,800,0,114.69,3467.36,0.636,0.648,AISI 1010 carbon steel,2834.4,3.72,Good,
134,80,800,0,114.71,2983.72,0.636,0.648,AISI 1010 carbon steel,2834.4,3.72,Good,
135,80,800,0,114.64,1416.15,0.639,0.635,AISI 1010 carbon steel,2541.9,3.19,Good,
135,80,800,0,114.58,2203.91,0.639,0.635,AISI 1010 carbon steel,2541.9,3.19,Good,
135,80,800,0,114.51,3163.89,0.639,0.635,AISI 1010 carbon steel,2541.9,3.19,Good,
135,80,800,0,114.44,2756.6,0.639,0.635,AISI 1010 carbon steel,2541.9,3.19,Good,
135,80,800,0,114.4,3097.97,0.639,0.635,AISI 1010 carbon steel,2541.9,3.19,Good,
135,80,800,0,114.35,3013.54,0.639,0.635,AISI 1010 carbon steel,2541.9,3.19,Good,
135,80,800,0,114.31,3576.27,0.639,0.635,AISI 1010 carbon steel,2541.9,3.19,Good,
135,80,800,0,114.26,3206.55,0.639,0.635,AISI 1010 carbon steel,2541.9,3.19,Good,
135,80,800,0,114.26,3178.0,0.639,0.635,AISI 1010 carbon steel,2541.9,3.19,Good,
137,80,600,0,104.81,2502.83,0.62,0.622,AISI 1010 carbon steel,2674.1,3.37,Good,
137,80,600,0,104.4,2558.56,0.62,0.622,AISI 1010 carbon steel,2674.1,3.37,Good,
137,80,600,0,105.32,2970.43,0.62,0.622,AISI 1010 carbon steel,2674.1,3.37,Good,
137,80,600,0,105.32,3435.47,0.62,0.622,AISI 1010 carbon steel,2674.1,3.37,Good,
137,80,600,0,105.18,3964.48,0.62,0.622,AISI 1010 carbon steel,2674.1,3.37,Good,
137,80,600,0,105.03,3375.87,0.62,0.622,AISI 1010 carbon steel,2674.1,3.37,Good,
137,80,600,0,104.89,3393.15,0.62,0.622,AISI 1010 carbon steel,2674.1,3.37,Good,
138,80,600,0,104.74,1990.68,0.623,0.616,AISI 1010 carbon steel,2704.5,3.27,Good,
138,80,600,0,104.57,3061.67,0.623,0.616,AISI 1010 carbon steel,2704.5,3.27,Good,
138,80,600,0,104.39,3585.88,0.623,0.616,AISI 1010 carbon steel,2704.5,3.27,Good,
138,80,600,0,104.25,3194.19,0.623,0.616,AISI 1010 carbon steel,2704.5,3.27,Good,
138,80,600,0,104.15,3303.26,0.623,0.616,AISI 1010 carbon steel,2704.5,3.27,Good,
138,80,600,0,104.05,3672.6,0.623,0.616,AISI 1010 carbon steel,2704.5,3.27,Good,
138,80,600,0,103.95,4029.03,0.623,0.616,AISI 1010 carbon steel,2704.5,3.27,Good,
139,80,600,0,103.97,2161.35,0.624,0.619,AISI 1010 carbon steel,2823.6,2.86,Good,
139,80,600,0,103.98,2254.06,0.624,0.619,AISI 1010 carbon steel,2823.6,2.86,Good,
139,80,600,0,103.98,2681.96,0.624,0.619,AISI 1010 carbon steel,2823.6,2.86,Good,
139,80,600,0,103.99,3046.47,0.624,0.619,AISI 1010 carbon steel,2823.6,2.86,Good,
139,80,600,0,104.08,3448.46,0.624,0.619,AISI 1010 carbon steel,2823.6,2.86,Good,
139,80,600,0,104.19,3842.87,0.624,0.619,AISI 1010 carbon steel,2823.6,2.86,Good,
139,80,600,0,104.29,3240.7,0.624,0.619,AISI 1010 carbon steel,2823.6,2.86,Good,
141,80,600,0,104.47,1720.99,0.618,0.622,AISI 1010 carbon steel,2813.5,3.3,Good,
141,80,600,0,104.62,2477.27,0.618,0.622,AISI 1010 carbon steel,2813.5,3.3,Good,
141,80,600,0,104.78,3340.54,0.618,0.622,AISI 1010 carbon steel,2813.5,3.3,Good,
141,80,600,0,104.93,3105.18,0.618,0.622,AISI 1010 carbon steel,2813.5,3.3,Good,
141,80,600,0,104.97,3085.73,0.618,0.622,AISI 1010 carbon steel,2813.5,3.3,Good,
141,80,600,0,105.0,3010.69,0.618,0.622,AISI 1010 carbon steel,2813.5,3.3,Good,
142,80,600,0,105.04,1971.58,0.614,0.619,AISI 1010 carbon steel,2645.4,3.26,Good,
142,80,600,0,105.25,2391.78,0.614,0.619,AISI 1010 carbon steel,2645.4,3.26,Good,
142,80,600,0,105.41,2674.26,0.614,0.619,AISI 1010 carbon steel,2645.4,3.26,Good,
142,80,600,0,105.52,3410.34,0.614,0.619,AISI 1010 carbon steel,2645.4,3.26,Good,
142,80,600,0,105.63,3021.52,0.614,0.619,AISI 1010 carbon steel,2645.4,3.26,Good,
142,80,600,0,105.86,3100.19,0.614,0.619,AISI 1010 carbon steel,2645.4,3.26,Good,
142,80,600,0,106.11,3411.86,0.614,0.619,AISI 1010 carbon steel,2645.4,3.26,Good,
144,80,600,0,107.66,1308.85,0.618,0.619,AISI 1010 carbon steel,2707.6,3.38,Good,
144,80,600,0,107.79,2247.95,0.618,0.619,AISI 1010 carbon steel,2707.6,3.38,Good,
144,80,600,0,107.91,2738.44,0.618,0.619,AISI 1010 carbon steel,2707.6,3.38,Good,
144,80,600,0,107.98,3183.95,0.618,0.619,AISI 1010 carbon steel,2707.6,3.38,Good,
144,80,600,0,107.9,2777.11,0.618,0.619,AISI 1010 carbon steel,2707.6,3.38,Good,
144,80,600,0,107.83,2973.32,0.618,0.619,AISI 1010 carbon steel,2707.6,3.38,Good,
146,80,600,0,107.73,2207.03,0.62,0.62,AISI 1010 carbon steel,2744.7,3.65,Good,
146,80,600,0,107.69,2071.97,0.62,0.62,AISI 1010 carbon steel,2744.7,3.65,Good,
146,80,600,0,107.66,2518.58,0.62,0.62,AISI 1010 carbon steel,2744.7,3.65,Good,
146,80,600,0,107.65,2667.17,0.62,0.62,AISI 1010 carbon steel,2744.7,3.65,Good,
146,80,600,0,107.66,3319.36,0.62,0.62,AISI 1010 carbon steel,2744.7,3.65,Good,
146,80,600,0,107.67,2938.41,0.62,0.62,AISI 1010 carbon steel,2744.7,3.65,Good,
146,80,600,0,107.67,2936.65,0.62,0.62,AISI 1010 carbon steel,2744.7,3.65,Good,
147,80,600,0,107.67,1904.13,0.616,0.618,AISI 1010 carbon steel,2762.0,3.22,Good,
147,80,600,0,107.7,2946.59,0.616,0.618,AISI 1010 carbon steel,2762.0,3.22,Good,
147,80,600,0,107.79,2752.85,0.616,0.618,AISI 1010 carbon steel,2762.0,3.22,Good,
147,80,600,0,107.82,2917.85,0.616,0.618,AISI 1010 carbon steel,2762.0,3.22,Good,
147,80,600,0,107.85,2846.24,0.616,0.618,AISI 1010 carbon steel,2762.0,3.22,Good,
147,80,600,0,107.88,3542.44,0.616,0.618,AISI 1010 carbon steel,2762.0,3.22,Good,
147,80,600,0,107.91,3023.8,0.616,0.618,AISI 1010 carbon steel,2762.0,3.22,Good,
148,80,600,0,107.9,1816.29,0.62,0.612,AISI 1010 carbon steel,2743.9,3.3,Good,
148,80,600,0,107.87,2003.6,0.62,0.612,AISI 1010 carbon steel,2743.9,3.3,Good,
148,80,600,0,107.85,2473.1,0.62,0.612,AISI 1010 carbon steel,2743.9,3.3,Good,
148,80,600,0,107.84,2667.17,0.62,0.612,AISI 1010 carbon steel,2743.9,3.3,Good,
148,80,600,0,107.86,3348.25,0.62,0.612,AISI 1010 carbon steel,2743.9,3.3,Good,
148,80,600,0,107.86,2890.61,0.62,0.612,AISI 1010 carbon steel,2743.9,3.3,Good,
148,80,600,0,107.86,2882.27,0.62,0.612,AISI 1010 carbon steel,2743.9,3.3,Good,
149,80,600,0,107.84,1374.24,0.616,0.617,AISI 1010 carbon steel,2812.3,3.48,Good,
149,80,600,0,107.84,1675.41,0.616,0.617,AISI 1010 carbon steel,2812.3,3.48,Good,
149,80,600,0,107.79,2387.46,0.616,0.617,AISI 1010 carbon steel,2812.3,3.48,Good,
149,80,600,0,107.76,3194.19,0.616,0.617,AISI 1010 carbon steel,2812.3,3.48,Good,
149,80,600,0,107.7,2806.07,0.616,0.617,AISI 1010 carbon steel,2812.3,3.48,Good,
149,80,600,0,107.6,2837.76,0.616,0.617,AISI 1010 carbon steel,2812.3,3.48,Good,
149,80,600,0,107.57,2807.91,0.616,0.617,AISI 1010 carbon steel,2812.3,3.48,Good,
151,80,600,0,107.7,1748.75,0.623,0.615,AISI 1010 carbon steel,2666.9,3.1,Good,
151,80,600,0,107.68,2472.4,0.623,0.615,AISI 1010 carbon steel,2666.9,3.1,Good,
151,80,600,0,107.67,3043.08,0.623,0.615,AISI 1010 carbon steel,2666.9,3.1,Good,
151,80,600,0,107.68,3047.03,0.623,0.615,AISI 1010 carbon steel,2666.9,3.1,Good,
151,80,600,0,107.71,2840.79,0.623,0.615,AISI 1010 carbon steel,2666.9,3.1,Good,
151,80,600,0,107.73,2872.1,0.623,0.615,AISI 1010 carbon steel,2666.9,3.1,Good,
151,80,600,0,107.74,3224.74,0.623,0.615,AISI 1010 carbon steel,2666.9,3.1,Good,
153,80,600,0,107.61,1724.98,0.638,0.635,AISI 1010 carbon steel,2771.0,3.1,Good,
153,80,600,0,107.52,2030.88,0.638,0.635,AISI 1010 carbon steel,2771.0,3.1,Good,
153,80,600,0,107.43,2785.15,0.638,0.635,AISI 1010 carbon steel,2771.0,3.1,Good,
153,80,600,0,107.37,2658.77,0.638,0.635,AISI 1010 carbon steel,2771.0,3.1,Good,
153,80,600,0,107.37,2898.93,0.638,0.635,AISI 1010 carbon steel,2771.0,3.1,Good,
153,80,600,0,107.37,2987.17,0.638,0.635,AISI 1010 carbon steel,2771.0,3.1,Good,
153,80,600,0,107.38,3432.96,0.638,0.635,AISI 1010 carbon steel,2771.0,3.1,Good,
155,80,600,0,107.28,1745.79,0.647,0.629,AISI 1010 carbon steel,2618.5,3.1,Good,
155,80,600,0,107.24,2019.84,0.647,0.629,AISI 1010 carbon steel,2618.5,3.1,Good,
155,80,600,0,107.2,2459.85,0.647,0.629,AISI 1010 carbon steel,2618.5,3.1,Good,
155,80,600,0,107.17,3171.5,0.647,0.629,AISI 1010 carbon steel,2618.5,3.1,Good,
155,80,600,0,107.15,2891.8,0.647,0.629,AISI 1010 carbon steel,2618.5,3.1,Good,
155,80,600,0,107.21,2914.9,0.647,0.629,AISI 1010 carbon steel,2618.5,3.1,Good,
155,80,600,0,107.27,2836.55,0.647,0.629,AISI 1010 carbon steel,2618.5,3.1,Good,
156,80,600,0,107.27,1579.23,0.625,0.634,AISI 1010 carbon steel,2655.0,3.27,Good,
156,80,600,0,107.29,2308.35,0.625,0.634,AISI 1010 carbon steel,2655.0,3.27,Good,
156,80,600,0,107.32,2634.08,0.625,0.634,AISI 1010 carbon steel,2655.0,3.27,Good,
156,80,600,0,107.36,2680.04,0.625,0.634,AISI 1010 carbon steel,2655.0,3.27,Good,
156,80,600,0,107.35,3081.83,0.625,0.634,AISI 1010 carbon steel,2655.0,3.27,Good,
156,80,600,0,107.4,3057.74,0.625,0.634,AISI 1010 carbon steel,2655.0,3.27,Good,
156,80,600,0,107.45,2809.75,0.625,0.634,AISI 1010 carbon steel,2655.0,3.27,Good,
157,80,600,0,107.52,1337.45,0.642,0.646,AISI 1010 carbon steel,2583.2,2.83,Good,
157,80,600,0,107.58,1502.2,0.642,0.646,AISI 1010 carbon steel,2583.2,2.83,Good,
157,80,600,0,107.65,2676.83,0.642,0.646,AISI 1010 carbon steel,2583.2,2.83,Good,
157,80,600,0,107.67,2817.08,0.642,0.646,AISI 1010 carbon steel,2583.2,2.83,Good,
157,80,600,0,107.74,2780.21,0.642,0.646,AISI 1010 carbon steel,2583.2,2.83,Good,
157,80,600,0,107.81,2838.98,0.642,0.646,AISI 1010 carbon steel,2583.2,2.83,Good,
157,80,600,0,107.87,3192.58,0.642,0.646,AISI 1010 carbon steel,2583.2,2.83,Good,
160,80,600,0,107.63,1855.64,0.623,0.623,AISI 1010 carbon steel,2686.1,3.54,Good,
160,80,600,0,107.54,2198.44,0.623,0.623,AISI 1010 carbon steel,2686.1,3.54,Good,
160,80,600,0,107.53,3174.21,0.623,0.623,AISI 1010 carbon steel,2686.1,3.54,Good,
160,80,600,0,107.49,3010.69,0.623,0.623,AISI 1010 carbon steel,2686.1,3.54,Good,
160,80,600,0,107.48,2837.76,0.623,0.623,AISI 1010 carbon steel,2686.1,3.54,Good,
160,80,600,0,107.56,2837.16,0.623,0.623,AISI 1010 carbon steel,2686.1,3.54,Good,
160,80,600,0,107.64,3371.8,0.623,0.623,AISI 1010 carbon steel,2686.1,3.54,Good,
161,80,600,0,107.79,1996.72,0.615,0.622,AISI 1010 carbon steel,2706.4,3.65,Good,
161,80,600,0,107.96,2391.06,0.615,0.622,AISI 1010 carbon steel,2706.4,3.65,Good,
161,80,600,0,108.08,3185.57,0.615,0.622,AISI 1010 carbon steel,2706.4,3.65,Good,
161,80,600,0,108.12,2593.94,0.615,0.622,AISI 1010 carbon steel,2706.4,3.65,Good,
161,80,600,0,108.05,2806.68,0.615,0.622,AISI 1010 carbon steel,2706.4,3.65,Good,
161,80,600,0,108.09,2766.56,0.615,0.622,AISI 1010 carbon steel,2706.4,3.65,Good,
161,80,600,0,108.14,3295.96,0.615,0.622,AISI 1010 carbon steel,2830.2,3.65,Good,
162,80,600,0,108.15,927.35,0.618,0.628,AISI 1010 carbon steel,2830.2,3.52,Explode,
162,80,600,0,108.23,1321.93,0.618,0.628,AISI 1010 carbon steel,2830.2,3.52,Explode,
162,80,600,0,108.3,2365.03,0.618,0.628,AISI 1010 carbon steel,2830.2,3.52,Explode,
162,80,600,0,108.31,3206.55,0.618,0.628,AISI 1010 carbon steel,2830.2,3.52,Explode,
162,80,600,0,108.37,2745.34,0.618,0.628,AISI 1010 carbon steel,2830.2,3.52,Explode,
162,80,600,0,108.37,2755.35,0.618,0.628,AISI 1010 carbon steel,2830.2,3.52,Explode,
162,80,600,0,108.36,2734.04,0.618,0.628,AISI 1010 carbon steel,2830.2,3.52,Explode,
164,80,600,0,108.14,1776.07,0.631,0.636,AISI 1010 carbon steel,2752.5,3.18,Good,
164,80,600,0,108.02,1996.72,0.631,0.636,AISI 1010 carbon steel,2752.5,3.18,Good,
164,80,600,0,107.94,2710.67,0.631,0.636,AISI 1010 carbon steel,2752.5,3.18,Good,
164,80,600,0,107.88,3243.88,0.631,0.636,AISI 1010 carbon steel,2752.5,3.18,Good,
164,80,600,0,107.89,3629.26,0.631,0.636,AISI 1010 carbon steel,2752.5,3.18,Good,
164,80,600,0,107.85,3329.71,0.631,0.636,AISI 1010 carbon steel,2752.5,3.18,Good,
164,80,600,0,107.82,3155.19,0.631,0.636,AISI 1010 carbon steel,2752.5,3.18,Good,
165,80,600,0,107.87,1725.98,0.635,0.638,AISI 1010 carbon steel,2735.7,3.39,Good,
165,80,600,0,108.1,3071.21,0.635,0.638,AISI 1010 carbon steel,2735.7,3.39,Good,
165,80,600,0,108.31,3668.39,0.635,0.638,AISI 1010 carbon steel,2735.7,3.39,Good,
165,80,600,0,108.37,3132.76,0.635,0.638,AISI 1010 carbon steel,2735.7,3.39,Good,
165,80,600,0,108.33,3194.73,0.635,0.638,AISI 1010 carbon steel,2735.7,3.39,Good,
165,80,600,0,108.29,3338.99,0.635,0.638,AISI 1010 carbon steel,2735.7,3.39,Good,
165,80,600,0,108.34,3983.52,0.635,0.638,AISI 1010 carbon steel,2735.7,3.39,Good,
166,80,600,0,108.27,3195.27,0.639,0.637,AISI 1010 carbon steel,2726.1,3.3,Good,
166,80,600,0,108.2,3335.9,0.639,0.637,AISI 1010 carbon steel,2726.1,3.3,Good,
166,80,600,0,108.15,3310.54,0.639,0.637,AISI 1010 carbon steel,2726.1,3.3,Good,
166,80,600,0,108.11,3527.85,0.639,0.637,AISI 1010 carbon steel,2726.1,3.3,Good,
166,80,600,0,108.2,4241.57,0.639,0.637,AISI 1010 carbon steel,2726.1,3.3,Good,
166,80,600,0,108.26,3960.14,0.639,0.637,AISI 1010 carbon steel,2726.1,3.3,Good,
166,80,600,0,108.32,3344.14,0.639,0.637,AISI 1010 carbon steel,2726.1,3.3,Good,
167,80,600,0,108.37,3001.53,0.642,0.637,AISI 1010 carbon steel,2734.5,3.34,Good,
167,80,600,0,108.37,2944.26,0.642,0.637,AISI 1010 carbon steel,2734.5,3.34,Good,
167,80,600,0,108.33,3389.1,0.642,0.637,AISI 1010 carbon steel,2734.5,3.34,Good,
167,80,600,0,108.29,4111.01,0.642,0.637,AISI 1010 carbon steel,2734.5,3.34,Good,
167,80,600,0,108.09,3595.46,0.642,0.637,AISI 1010 carbon steel,2734.5,3.34,Good,
167,80,600,0,107.92,3389.6,0.642,0.637,AISI 1010 carbon steel,2734.5,3.34,Good,
167,80,600,0,107.89,3474.3,0.642,0.637,AISI 1010 carbon steel,2734.5,3.34,Good,
168,80,600,0,107.87,2326.9,0.64,0.631,AISI 1010 carbon steel,2531.8,3.0,Good,
168,80,600,0,107.89,2812.19,0.64,0.631,AISI 1010 carbon steel,2531.8,3.0,Good,
168,80,600,0,107.92,3632.58,0.64,0.631,AISI 1010 carbon steel,2531.8,3.0,Good,
168,80,600,0,107.94,3695.48,0.64,0.631,AISI 1010 carbon steel,2531.8,3.0,Good,
168,80,600,0,108.03,3244.94,0.64,0.631,AISI 1010 carbon steel,2531.8,3.0,Good,
168,80,600,0,108.11,3304.3,0.64,0.631,AISI 1010 carbon steel,2531.8,3.0,Good,
168,80,600,0,108.17,3725.15,0.64,0.631,AISI 1010 carbon steel,2531.8,3.0,Good,
169,80,600,0,108.26,2509.0,0.634,0.636,AISI 1010 carbon steel,2678.9,3.37,Good,
169,80,600,0,108.4,2955.34,0.634,0.636,AISI 1010 carbon steel,2678.9,3.37,Good,
169,80,600,0,108.49,3288.64,0.634,0.636,AISI 1010 carbon steel,2678.9,3.37,Good,
169,80,600,0,108.52,3977.04,0.634,0.636,AISI 1010 carbon steel,2678.9,3.37,Good,
169,80,600,0,108.51,3940.55,0.634,0.636,AISI 1010 carbon steel,2678.9,3.37,Good,
169,80,600,0,108.53,3415.89,0.634,0.636,AISI 1010 carbon steel,2678.9,3.37,Good,
169,80,600,0,108.59,3415.89,0.634,0.636,AISI 1010 carbon steel,2678.9,3.37,Good,
170,80,600,0,108.7,2772.15,0.629,0.632,AISI 1010 carbon steel,2816.5,3.58,Good,
170,80,600,0,108.77,3376.89,0.629,0.632,AISI 1010 carbon steel,2816.5,3.58,Good,
170,80,600,0,108.83,3300.13,0.629,0.632,AISI 1010 carbon steel,2816.5,3.58,Good,
170,80,600,0,108.84,3336.41,0.629,0.632,AISI 1010 carbon steel,2816.5,3.58,Good,
170,80,600,0,108.84,3701.53,0.629,0.632,AISI 1010 carbon steel,2816.5,3.58,Good,
170,80,600,0,108.79,4250.48,0.629,0.632,AISI 1010 carbon steel,2816.5,3.58,Good,
170,80,600,0,108.74,3612.16,0.629,0.632,AISI 1010 carbon steel,2816.5,3.58,Good,
171,80,600,0,108.7,2755.97,0.637,0.634,AISI 1010 carbon steel,2775.2,3.41,Good,
171,80,600,0,108.67,3111.27,0.637,0.634,AISI 1010 carbon steel,2775.2,3.41,Good,
171,80,600,0,108.62,3352.87,0.637,0.634,AISI 1010 carbon steel,2775.2,3.41,Good,
171,80,600,0,108.56,3156.82,0.637,0.634,AISI 1010 carbon steel,2775.2,3.41,Good,
171,80,600,0,108.42,3210.31,0.637,0.634,AISI 1010 carbon steel,2775.2,3.41,Good,
171,80,600,0,108.32,3629.26,0.637,0.634,AISI 1010 carbon steel,2775.2,3.41,Good,
171,80,600,0,108.26,3964.48,0.637,0.634,AISI 1010 carbon steel,2775.2,3.41,Good,
172,80,600,0,108.27,2509.0,0.632,0.633,AISI 1010 carbon steel,2803.3,3.69,Good,
172,80,600,0,108.28,3390.62,0.632,0.633,AISI 1010 carbon steel,2803.3,3.69,Good,
172,80,600,0,108.29,3232.73,0.632,0.633,AISI 1010 carbon steel,2803.3,3.69,Good,
172,80,600,0,108.26,3137.69,0.632,0.633,AISI 1010 carbon steel,2803.3,3.69,Good,
172,80,600,0,108.18,3265.02,0.632,0.633,AISI 1010 carbon steel,2803.3,3.69,Good,
172,80,600,0,108.12,3988.7,0.632,0.633,AISI 1010 carbon steel,2803.3,3.69,Good,
172,80,600,0,108.09,3905.03,0.632,0.633,AISI 1010 carbon steel,2803.3,3.69,Good,
173,80,600,0,108.07,2538.31,0.636,0.631,AISI 1010 carbon steel,2849.4,3.44,Good,
173,80,600,0,108.11,2316.53,0.636,0.631,AISI 1010 carbon steel,2849.4,3.44,Good,
173,80,600,0,108.17,3338.99,0.636,0.631,AISI 1010 carbon steel,2849.4,3.44,Good,
173,80,600,0,108.21,3082.39,0.636,0.631,AISI 1010 carbon steel,2849.4,3.44,Good,
173,80,600,0,108.25,3130.56,0.636,0.631,AISI 1010 carbon steel,2849.4,3.44,Good,
173,80,600,0,108.3,3956.23,0.636,0.631,AISI 1010 carbon steel,2849.4,3.44,Good,
173,80,600,0,108.36,4029.88,0.636,0.631,AISI 1010 carbon steel,2849.4,3.44,Good,
174,80,600,0,108.42,2534.92,0.631,0.637,AISI 1010 carbon steel,2710.6,3.3,Good,
174,80,600,0,108.51,3585.4,0.631,0.637,AISI 1010 carbon steel,2710.6,3.3,Good,
174,80,600,0,108.62,3499.46,0.631,0.637,AISI 1010 carbon steel,2710.6,3.3,Good,
174,80,600,0,108.66,3178.54,0.631,0.637,AISI 1010 carbon steel,2710.6,3.3,Good,
174,80,600,0,108.67,3204.41,0.631,0.637,AISI 1010 carbon steel,2710.6,3.3,Good,
174,80,600,0,108.7,3668.85,0.631,0.637,AISI 1010 carbon steel,2710.6,3.3,Good,
175,80,600,0,108.66,2532.88,0.625,0.64,AISI 1010 carbon steel,2769.8,4.02,Good,
175,80,600,0,108.63,3377.91,0.625,0.64,AISI 1010 carbon steel,2769.8,4.02,Good,
175,80,600,0,108.62,3240.17,0.625,0.64,AISI 1010 carbon steel,2769.8,4.02,Good,
175,80,600,0,108.63,3181.78,0.625,0.64,AISI 1010 carbon steel,2769.8,4.02,Good,
175,80,600,0,108.65,3309.5,0.625,0.64,AISI 1010 carbon steel,2769.8,4.02,Good,
175,80,600,0,108.68,4017.06,0.625,0.64,AISI 1010 carbon steel,2769.8,4.02,Good,
176,80,600,0,108.58,2656.19,0.64,0.634,AISI 1010 carbon steel,2768.6,3.6,Good,
176,80,600,0,108.47,3041.95,0.64,0.634,AISI 1010 carbon steel,2768.6,3.6,Good,
176,80,600,0,108.43,3270.29,0.64,0.634,AISI 1010 carbon steel,2768.6,3.6,Good,
176,80,600,0,108.42,3215.12,0.64,0.634,AISI 1010 carbon steel,2768.6,3.6,Good,
176,80,600,0,108.42,3370.27,0.64,0.634,AISI 1010 carbon steel,2768.6,3.6,Good,
176,80,600,0,108.44,4047.77,0.64,0.634,AISI 1010 carbon steel,2768.6,3.6,Good,
176,80,600,0,108.45,3701.99,0.64,0.634,AISI 1010 carbon steel,2768.6,3.6,Good,
177,80,600,0,108.29,1879.58,0.64,0.635,AISI 1010 carbon steel,2955.2,3.42,Good,
177,80,600,0,108.17,2531.52,0.64,0.635,AISI 1010 carbon steel,2955.2,3.42,Good,
177,80,600,0,108.1,3472.32,0.64,0.635,AISI 1010 carbon steel,2955.2,3.42,Good,
177,80,600,0,108.06,3341.05,0.64,0.635,AISI 1010 carbon steel,2955.2,3.42,Good,
177,80,600,0,108.03,3076.8,0.64,0.635,AISI 1010 carbon steel,2955.2,3.42,Good,
177,80,600,0,108.11,3079.04,0.64,0.635,AISI 1010 carbon steel,2955.2,3.42,Good,
178,80,600,0,108.12,1786.69,0.641,0.636,AISI 1010 carbon steel,2701.0,3.39,Good,
178,80,600,0,108.14,2975.64,0.641,0.636,AISI 1010 carbon steel,2701.0,3.39,Good,
178,80,600,0,108.13,3637.31,0.641,0.636,AISI 1010 carbon steel,2701.0,3.39,Good,
178,80,600,0,108.12,3575.79,0.641,0.636,AISI 1010 carbon steel,2701.0,3.39,Good,
178,80,600,0,108.13,3311.58,0.641,0.636,AISI 1010 carbon steel,2701.0,3.39,Good,
178,80,600,0,108.21,3380.97,0.641,0.636,AISI 1010 carbon steel,2701.0,3.39,Good,
178,80,600,0,108.29,3637.78,0.641,0.636,AISI 1010 carbon steel,2701.0,3.39,Good,
180,80,600,0,108.28,2483.51,0.629,0.625,AISI 1010 carbon steel,2802.1,3.85,Good,
180,80,600,0,108.21,2626.89,0.629,0.625,AISI 1010 carbon steel,2802.1,3.85,Good,
180,80,600,0,108.14,2801.78,0.629,0.625,AISI 1010 carbon steel,2802.1,3.85,Good,
180,80,600,0,108.09,2859.5,0.629,0.625,AISI 1010 carbon steel,2802.1,3.85,Good,
180,80,600,0,108.13,3490.6,0.629,0.625,AISI 1010 carbon steel,2802.1,3.85,Good,
180,80,600,0,108.16,3410.34,0.629,0.625,AISI 1010 carbon steel,2802.1,3.85,Good,
180,80,600,0,108.2,3040.82,0.629,0.625,AISI 1010 carbon steel,2802.1,3.85,Good,
183,80,600,0,108.14,2227.19,0.634,0.629,AISI 1010 carbon steel,2783.0,3.63,Good,
183,80,600,0,108.14,2775.87,0.634,0.629,AISI 1010 carbon steel,2783.0,3.63,Good,
183,80,600,0,108.16,3499.95,0.634,0.629,AISI 1010 carbon steel,2783.0,3.63,Good,
183,80,600,0,108.18,3503.39,0.634,0.629,AISI 1010 carbon steel,2783.0,3.63,Good,
183,80,600,0,108.32,3040.25,0.634,0.629,AISI 1010 carbon steel,2783.0,3.63,Good,
184,80,600,0,108.39,2849.86,0.637,0.633,AISI 1010 carbon steel,2731.5,3.29,Good,
184,80,600,0,108.45,2986.02,0.637,0.633,AISI 1010 carbon steel,2731.5,3.29,Good,
184,80,600,0,108.5,2770.29,0.637,0.633,AISI 1010 carbon steel,2731.5,3.29,Good,
184,80,600,0,108.56,2787.0,0.637,0.633,AISI 1010 carbon steel,2731.5,3.29,Good,
184,80,600,0,108.63,3273.44,0.637,0.633,AISI 1010 carbon steel,2731.5,3.29,Good,
184,80,600,0,108.72,3624.99,0.637,0.633,AISI 1010 carbon steel,2731.5,3.29,Good,
184,80,600,0,108.77,3078.48,0.637,0.633,AISI 1010 carbon steel,2731.5,3.29,Good,
185,80,600,0,108.73,2117.13,0.632,0.629,AISI 1010 carbon steel,2731.5,3.57,Good,
185,80,600,0,108.65,3006.12,0.632,0.629,AISI 1010 carbon steel,2685.5,3.57,Good,
185,80,600,0,108.62,2926.68,0.632,0.629,AISI 1010 carbon steel,2685.5,3.57,Good,
185,80,600,0,108.62,3109.06,0.632,0.629,AISI 1010 carbon steel,2685.5,3.57,Good,
185,80,600,0,108.63,3602.62,0.632,0.629,AISI 1010 carbon steel,2685.5,3.57,Good,
185,80,600,0,108.64,3665.57,0.632,0.629,AISI 1010 carbon steel,2685.5,3.57,Good,
189,60,400,0,91.91,1079.88,0.64,0.633,AISI 1010 carbon steel,2634.6,2.7,Bad,
189,60,400,0,91.63,2411.83,0.64,0.633,AISI 1010 carbon steel,2634.6,2.7,Bad,
189,60,400,0,92.03,2711.94,0.64,0.633,AISI 1010 carbon steel,2634.6,2.7,Bad,
189,60,400,0,91.05,2942.5,0.64,0.633,AISI 1010 carbon steel,2634.6,2.7,Bad,
189,60,400,0,91.17,3119.0,0.64,0.633,AISI 1010 carbon steel,2634.6,2.7,Bad,
191,60,400,0,91.98,899.1,0.64,0.637,AISI 1010 carbon steel,3056.3,3.4,Good,
191,60,400,0,92.06,2192.17,0.64,0.637,AISI 1010 carbon steel,3056.3,3.4,Good,
191,60,400,0,92.14,2591.95,0.64,0.637,AISI 1010 carbon steel,3056.3,3.4,Good,
191,60,400,0,92.02,2881.67,0.64,0.637,AISI 1010 carbon steel,3056.3,3.4,Good,
191,60,400,0,91.89,3352.87,0.64,0.637,AISI 1010 carbon steel,3056.3,3.4,Good,
192,60,400,0,91.89,1486.08,0.646,0.634,AISI 1010 carbon steel,2737.5,3.19,Good,
192,60,400,0,91.92,2362.84,0.646,0.634,AISI 1010 carbon steel,2737.5,3.19,Good,
192,60,400,0,91.97,2799.93,0.646,0.634,AISI 1010 carbon steel,2737.5,3.19,Good,
192,60,400,0,91.95,3206.55,0.646,0.634,AISI 1010 carbon steel,2737.5,3.19,Good,
192,60,400,0,91.92,3598.8,0.646,0.634,AISI 1010 carbon steel,2737.5,3.19,Good,
194,60,400,0,91.93,1320.63,0.627,0.632,AISI 1010 carbon steel,2879.3,3.24,Good,
194,60,400,0,91.86,2229.51,0.627,0.632,AISI 1010 carbon steel,2879.3,3.24,Good,
194,60,400,0,91.83,2796.25,0.627,0.632,AISI 1010 carbon steel,2879.3,3.24,Good,
194,60,400,0,91.83,3427.95,0.627,0.632,AISI 1010 carbon steel,2879.3,3.24,Good,
194,60,400,0,91.87,3704.78,0.627,0.632,AISI 1010 carbon steel,2879.3,3.24,Good,
195,60,400,0,91.89,1382.97,0.631,0.635,AISI 1010 carbon steel,2912.8,3.4,Good,
195,60,400,0,91.97,2261.68,0.631,0.635,AISI 1010 carbon steel,2912.8,3.4,Good,
195,60,400,0,92.08,2755.35,0.631,0.635,AISI 1010 carbon steel,2912.8,3.4,Good,
195,60,400,0,92.07,3324.54,0.631,0.635,AISI 1010 carbon steel,2912.8,3.4,Good,
195,60,400,0,92.05,3424.44,0.631,0.635,AISI 1010 carbon steel,2912.8,3.4,Good,
196,60,400,0,92.1,1489.55,0.617,0.627,AISI 1010 carbon steel,2608.9,3.53,Good,
196,60,400,0,92.2,2481.43,0.617,0.627,AISI 1010 carbon steel,2608.9,3.53,Good,
196,60,400,0,92.25,2741.58,0.617,0.627,AISI 1010 carbon steel,2608.9,3.53,Good,
196,60,400,0,92.23,2727.75,0.617,0.627,AISI 1010 carbon steel,2608.9,3.53,Good,
199,60,400,0,91.96,1761.48,0.637,0.634,AISI 1010 carbon steel,2723.2,3.65,Good,
199,60,400,0,91.9,2185.88,0.637,0.634,AISI 1010 carbon steel,2723.2,3.65,Good,
199,60,400,0,91.86,2696.03,0.637,0.634,AISI 1010 carbon steel,2723.2,3.65,Good,
199,60,400,0,91.85,3415.89,0.637,0.634,AISI 1010 carbon steel,2723.2,3.65,Good,
199,60,400,0,91.8,3642.98,0.637,0.634,AISI 1010 carbon steel,2723.2,3.65,Good,
200,60,400,0,91.8,2045.23,0.629,0.624,AISI 1010 carbon steel,2795.5,3.53,Good,
200,60,400,0,91.81,2334.28,0.629,0.624,AISI 1010 carbon steel,2795.5,3.53,Good,
200,60,400,0,91.85,2829.87,0.629,0.624,AISI 1010 carbon steel,2795.5,3.53,Good,
200,60,400,0,91.87,3059.43,0.629,0.624,AISI 1010 carbon steel,2795.5,3.53,Good,
200,60,400,0,91.92,3654.76,0.629,0.624,AISI 1010 carbon steel,2795.5,3.53,Good,
201,60,400,0,91.97,1988.09,0.634,0.637,AISI 1010 carbon steel,2706.4,3.28,Good,
201,60,400,0,92.07,2875.1,0.634,0.637,AISI 1010 carbon steel,2706.4,3.28,Good,
201,60,400,0,92.18,3346.71,0.634,0.637,AISI 1010 carbon steel,2706.4,3.28,Good,
201,60,400,0,92.24,3056.61,0.634,0.637,AISI 1010 carbon steel,2706.4,3.28,Good,
201,60,400,0,92.24,3182.32,0.634,0.637,AISI 1010 carbon steel,2706.4,3.28,Good,
202,60,400,0,92.27,1931.04,0.635,0.631,AISI 1010 carbon steel,2703.4,3.0,Good,
202,60,400,0,92.36,2817.08,0.635,0.631,AISI 1010 carbon steel,2703.4,3.0,Good,
202,60,400,0,92.45,3181.78,0.635,0.631,AISI 1010 carbon steel,2703.4,3.0,Good,
202,60,400,0,92.56,3015.83,0.635,0.631,AISI 1010 carbon steel,2703.4,3.0,Good,
202,60,400,0,92.62,3113.48,0.635,0.631,AISI 1010 carbon steel,2703.4,3.0,Good,
203,60,400,0,92.69,1830.44,0.643,0.631,AISI 1010 carbon steel,2727.9,3.16,Good,
203,60,400,0,92.68,2327.64,0.643,0.631,AISI 1010 carbon steel,2727.9,3.16,Good,
203,60,400,0,92.66,2780.83,0.643,0.631,AISI 1010 carbon steel,2727.9,3.16,Good,
203,60,400,0,92.67,3119.0,0.643,0.631,AISI 1010 carbon steel,2727.9,3.16,Good,
203,60,400,0,92.71,3277.12,0.643,0.631,AISI 1010 carbon steel,2727.9,3.16,Good,
204,60,400,0,92.77,1486.08,0.638,0.639,AISI 1010 carbon steel,2714.2,3.5,Good,
204,60,400,0,92.89,2551.15,0.638,0.639,AISI 1010 carbon steel,2714.2,3.5,Good,
204,60,400,0,92.96,3388.08,0.638,0.639,AISI 1010 carbon steel,2714.2,3.5,Good,
204,60,400,0,93.01,2951.84,0.638,0.639,AISI 1010 carbon steel,2714.2,3.5,Good,
204,60,400,0,93.01,3031.75,0.638,0.639,AISI 1010 carbon steel,2714.2,3.5,Good,
205,60,400,0,92.92,1769.28,0.642,0.635,AISI 1010 carbon steel,2933.7,3.41,Good,
205,60,400,0,92.96,2436.67,0.642,0.635,AISI 1010 carbon steel,2933.7,3.41,Good,
205,60,400,0,93.1,2639.3,0.642,0.635,AISI 1010 carbon steel,2933.7,3.41,Good,
205,60,400,0,93.14,2949.51,0.642,0.635,AISI 1010 carbon steel,2933.7,3.41,Good,
205,60,400,0,93.15,3342.08,0.642,0.635,AISI 1010 carbon steel,2933.7,3.41,Good,
206,60,400,0,93.11,1895.07,0.637,0.633,AISI 1010 carbon steel,2735.1,3.42,Good,
206,60,400,0,93.08,2317.27,0.637,0.633,AISI 1010 carbon steel,2735.1,3.42,Good,
206,60,400,0,93.13,2937.24,0.637,0.633,AISI 1010 carbon steel,2735.1,3.42,Good,
206,60,400,0,93.15,3682.89,0.637,0.633,AISI 1010 carbon steel,2735.1,3.42,Good,
206,60,400,0,93.23,3275.54,0.637,0.633,AISI 1010 carbon steel,2735.1,3.42,Good,
207,60,400,0,93.42,1435.45,0.627,0.629,AISI 1010 carbon steel,2888.5,3.64,Good,
207,60,400,0,93.48,2143.77,0.627,0.629,AISI 1010 carbon steel,2888.5,3.64,Good,
207,60,400,0,93.57,2768.43,0.627,0.629,AISI 1010 carbon steel,2888.5,3.64,Good,
207,60,400,0,93.59,3333.32,0.627,0.629,AISI 1010 carbon steel,2888.5,3.64,Good,
207,60,400,0,93.45,3174.21,0.627,0.629,AISI 1010 carbon steel,2888.5,3.64,Good,
208,60,400,0,93.45,1905.03,0.639,0.633,AISI 1010 carbon steel,2814.1,3.19,Good,
208,60,400,0,93.51,2563.26,0.639,0.633,AISI 1010 carbon steel,2814.1,3.19,Good,
208,60,400,0,93.53,2842.61,0.639,0.633,AISI 1010 carbon steel,2814.1,3.19,Good,
208,60,400,0,93.53,2986.02,0.639,0.633,AISI 1010 carbon steel,2814.1,3.19,Good,
208,60,400,0,93.51,3652.88,0.639,0.633,AISI 1010 carbon steel,2814.1,3.19,Good,
209,60,400,0,93.46,1002.23,0.639,0.642,AISI 1010 carbon steel,2852.9,3.54,Good,
209,60,400,0,93.43,1982.89,0.639,0.642,AISI 1010 carbon steel,2852.9,3.54,Good,
209,60,400,0,93.36,2615.73,0.639,0.642,AISI 1010 carbon steel,2852.9,3.54,Good,
209,60,400,0,93.3,3074.57,0.639,0.642,AISI 1010 carbon steel,2852.9,3.54,Good,
209,60,400,0,93.24,3312.61,0.639,0.642,AISI 1010 carbon steel,2852.9,3.54,Good,
210,60,400,0,93.16,1786.69,0.636,0.632,AISI 1010 carbon steel,2714.8,3.7,Good,
210,60,400,0,93.11,3205.48,0.636,0.632,AISI 1010 carbon steel,2714.8,3.7,Good,
210,60,400,0,93.07,2868.51,0.636,0.632,AISI 1010 carbon steel,2714.8,3.7,Good,
210,60,400,0,92.98,3047.6,0.636,0.632,AISI 1010 carbon steel,2714.8,3.7,Good,
211,60,400,0,92.96,1694.8,0.631,0.627,AISI 1010 carbon steel,2720.2,3.52,Good,
211,60,400,0,92.92,2066.98,0.631,0.627,AISI 1010 carbon steel,2720.2,3.52,Good,
211,60,400,0,92.92,2502.14,0.631,0.627,AISI 1010 carbon steel,2720.2,3.52,Good,
211,60,400,0,92.95,2711.94,0.631,0.627,AISI 1010 carbon steel,2720.2,3.52,Good,
211,60,400,0,92.93,2883.46,0.631,0.627,AISI 1010 carbon steel,2720.2,3.52,Good,
214,60,400,0,93.27,2030.04,0.637,0.633,AISI 1010 carbon steel,2743.5,3.42,Good,
214,60,400,0,93.44,2406.84,0.637,0.633,AISI 1010 carbon steel,2743.5,3.42,Good,
214,60,400,0,93.61,2803.62,0.637,0.633,AISI 1010 carbon steel,2743.5,3.42,Good,
214,60,400,0,93.62,3053.8,0.637,0.633,AISI 1010 carbon steel,2743.5,3.42,Good,
214,60,400,0,93.6,3680.56,0.637,0.633,AISI 1010 carbon steel,2743.5,3.42,Good,
217,60,400,0,93.53,1748.75,0.632,0.639,AISI 1010 carbon steel,2969.0,3.16,Good,
217,60,400,0,93.51,2404.69,0.632,0.639,AISI 1010 carbon steel,2969.0,3.16,Good,
217,60,400,0,93.55,3068.41,0.632,0.639,AISI 1010 carbon steel,2969.0,3.16,Good,
217,60,400,0,93.42,3505.35,0.632,0.639,AISI 1010 carbon steel,2969.0,3.16,Good,
217,60,400,0,93.27,2964.63,0.632,0.639,AISI 1010 carbon steel,2969.0,3.16,Good,
218,60,400,0,93.17,2085.21,0.637,0.632,AISI 1010 carbon steel,2741.7,3.41,Good,
218,60,400,0,93.12,2777.73,0.637,0.632,AISI 1010 carbon steel,2741.7,3.41,Good,
218,60,400,0,93.1,2987.75,0.637,0.632,AISI 1010 carbon steel,2741.7,3.41,Good,
218,60,400,0,93.06,3112.38,0.637,0.632,AISI 1010 carbon steel,2741.7,3.41,Good,
218,60,400,0,92.99,3800.12,0.637,0.632,AISI 1010 carbon steel,2741.7,3.41,Good,
219,60,400,0,92.92,1870.41,0.621,0.632,AISI 1010 carbon steel,2748.3,3.38,Good,
219,60,400,0,92.9,2454.25,0.621,0.632,AISI 1010 carbon steel,2748.3,3.38,Good,
219,60,400,0,92.95,2995.22,0.621,0.632,AISI 1010 carbon steel,2748.3,3.38,Good,
219,60,400,0,92.99,3738.51,0.621,0.632,AISI 1010 carbon steel,2748.3,3.38,Good,
219,60,400,0,93.01,3140.98,0.621,0.632,AISI 1010 carbon steel,2748.3,3.38,Good,
222,60,400,0,93.0,1765.39,0.636,0.641,AISI 1010 carbon steel,2750.7,3.43,Good,
222,60,400,0,93.01,2923.15,0.636,0.641,AISI 1010 carbon steel,2750.7,3.43,Good,
222,60,400,0,93.04,2808.52,0.636,0.641,AISI 1010 carbon steel,2750.7,3.43,Good,
222,60,400,0,93.1,3063.92,0.636,0.641,AISI 1010 carbon steel,2750.7,3.43,Good,
222,60,400,0,93.15,3222.07,0.636,0.641,AISI 1010 carbon steel,2750.7,3.43,Good,
223,60,400,0,93.13,1612.64,0.631,0.631,AISI 1010 carbon steel,2830.0,3.23,Good,
223,60,400,0,93.08,2879.28,0.631,0.631,AISI 1010 carbon steel,2830.0,3.23,Good,
223,60,400,0,93.04,2948.93,0.631,0.631,AISI 1010 carbon steel,2830.0,3.23,Good,
223,60,400,0,93.02,2990.63,0.631,0.631,AISI 1010 carbon steel,2830.0,3.23,Good,
223,60,400,0,93.01,3563.74,0.631,0.631,AISI 1010 carbon steel,2830.0,3.23,Good,
224,60,400,0,93.02,1828.56,0.614,0.628,AISI 1010 carbon steel,2649.6,3.6,Good,
224,60,400,0,93.02,3183.41,0.614,0.628,AISI 1010 carbon steel,2649.6,3.6,Good,
224,60,400,0,93.02,2991.78,0.614,0.628,AISI 1010 carbon steel,2649.6,3.6,Good,
224,60,400,0,93.04,3156.28,0.614,0.628,AISI 1010 carbon steel,2649.6,3.6,Good,
224,60,400,0,93.03,3401.76,0.614,0.628,AISI 1010 carbon steel,2649.6,3.6,Good,
229,60,400,0,92.83,1385.46,0.638,0.634,AISI 1010 carbon steel,2701.6,3.52,Good,
229,60,400,0,92.79,2555.19,0.638,0.634,AISI 1010 carbon steel,2701.6,3.52,Good,
229,60,400,0,92.76,2783.3,0.638,0.634,AISI 1010 carbon steel,2701.6,3.52,Good,
229,60,400,0,92.66,2869.11,0.638,0.634,AISI 1010 carbon steel,2701.6,3.52,Good,
229,60,400,0,92.56,3628.31,0.638,0.634,AISI 1010 carbon steel,2701.6,3.52,Good,
230,60,400,0,92.54,1532.8,0.628,0.633,AISI 1010 carbon steel,2783.6,3.44,Good,
230,60,400,0,92.54,2421.09,0.628,0.633,AISI 1010 carbon steel,2783.6,3.44,Good,
230,60,400,0,92.58,3490.11,0.628,0.633,AISI 1010 carbon steel,2783.6,3.44,Good,
230,60,400,0,92.59,3285.5,0.628,0.633,AISI 1010 carbon steel,2783.6,3.44,Good,
230,60,400,0,92.61,2975.06,0.628,0.633,AISI 1010 carbon steel,2783.6,3.44,Good,
231,60,400,0,92.63,1877.75,0.637,0.627,AISI 1010 carbon steel,2678.9,3.58,Good,
231,60,400,0,92.64,2497.32,0.637,0.627,AISI 1010 carbon steel,2678.9,3.58,Good,
231,60,400,0,92.63,2606.51,0.637,0.627,AISI 1010 carbon steel,2678.9,3.58,Good,
231,60,400,0,92.66,2856.49,0.637,0.627,AISI 1010 carbon steel,2678.9,3.58,Good,
231,60,400,0,92.65,3587.79,0.637,0.627,AISI 1010 carbon steel,2678.9,3.58,Good,
233,60,400,0,92.56,1447.39,0.638,0.632,AISI 1010 carbon steel,2896.6,3.55,Good,
233,60,400,0,92.61,2044.39,0.638,0.632,AISI 1010 carbon steel,2896.6,3.55,Good,
233,60,400,0,92.66,3166.07,0.638,0.632,AISI 1010 carbon steel,2896.6,3.55,Good,
233,60,400,0,92.7,3156.28,0.638,0.632,AISI 1010 carbon steel,2896.6,3.55,Good,
233,60,400,0,92.69,2970.43,0.638,0.632,AISI 1010 carbon steel,2896.6,3.55,Good,
235,60,400,0,92.55,1712.97,0.628,0.634,AISI 1010 carbon steel,2616.7,3.07,Bad,
235,60,400,0,92.55,2468.92,0.628,0.634,AISI 1010 carbon steel,2616.7,3.07,Bad,
235,60,400,0,92.57,2912.54,0.628,0.634,AISI 1010 carbon steel,2616.7,3.07,Bad,
235,60,400,0,92.68,3115.69,0.628,0.634,AISI 1010 carbon steel,2616.7,3.07,Bad,
235,60,400,0,92.76,3707.1,0.628,0.634,AISI 1010 carbon steel,2616.7,3.07,Bad,
237,60,1000,15,75.36,2389.62,0.636,0.639,AISI 1010 carbon steel,3228.6,3.61,Good,
237,60,1000,15,76.58,3435.97,0.636,0.639,AISI 1010 carbon steel,3228.6,3.61,Good,
237,60,1000,15,76.48,3449.96,0.636,0.639,AISI 1010 carbon steel,3228.6,3.61,Good,
237,60,1000,15,77.33,3694.55,0.636,0.639,AISI 1010 carbon steel,3228.6,3.61,Good,
237,60,1000,15,75.97,4416.0,0.636,0.639,AISI 1010 carbon steel,3228.6,3.61,Good,
237,60,1000,15,76.88,3840.19,0.636,0.639,AISI 1010 carbon steel,3228.6,3.61,Good,
237,60,1000,15,78.0,3617.87,0.636,0.639,AISI 1010 carbon steel,3228.6,3.61,Good,
237,60,1000,15,76.47,3714.05,0.636,0.639,AISI 1010 carbon steel,3228.6,3.61,Good,
237,60,1000,15,75.89,4481.72,0.636,0.639,AISI 1010 carbon steel,3228.6,3.61,Good,
237,60,1000,15,75.28,3955.36,0.636,0.639,AISI 1010 carbon steel,3228.6,3.61,Good,
238,60,1000,15,76.1,2562.59,0.632,0.635,AISI 1010 carbon steel,3229.2,3.48,Good,
238,60,1000,15,77.03,2778.35,0.632,0.635,AISI 1010 carbon steel,3229.2,3.48,Good,
238,60,1000,15,76.68,3345.17,0.632,0.635,AISI 1010 carbon steel,3229.2,3.48,Good,
238,60,1000,15,77.09,3464.38,0.632,0.635,AISI 1010 carbon steel,3229.2,3.48,Good,
238,60,1000,15,76.47,4119.79,0.632,0.635,AISI 1010 carbon steel,3229.2,3.48,Good,
238,60,1000,15,76.73,4160.5,0.632,0.635,AISI 1010 carbon steel,3229.2,3.48,Good,
238,60,1000,15,76.32,3576.27,0.632,0.635,AISI 1010 carbon steel,3229.2,3.48,Good,
238,60,1000,15,77.96,3548.75,0.632,0.635,AISI 1010 carbon steel,3229.2,3.48,Good,
238,60,1000,15,77.7,4100.12,0.632,0.635,AISI 1010 carbon steel,3229.2,3.48,Good,
238,60,1000,15,77.58,4192.22,0.632,0.635,AISI 1010 carbon steel,3229.2,3.48,Good,
238,60,1000,15,77.54,3548.27,0.632,0.635,AISI 1010 carbon steel,3229.2,3.48,Good,
239,60,1000,15,75.71,2282.12,0.624,0.625,AISI 1010 carbon steel,3216.0,3.66,Good,
239,60,1000,15,76.93,2821.96,0.624,0.625,AISI 1010 carbon steel,3216.0,3.66,Good,
239,60,1000,15,76.14,3774.68,0.624,0.625,AISI 1010 carbon steel,3216.0,3.66,Good,
239,60,1000,15,76.73,3281.31,0.624,0.625,AISI 1010 carbon steel,3216.0,3.66,Good,
239,60,1000,15,72.71,3326.09,0.624,0.625,AISI 1010 carbon steel,3216.0,3.66,Good,
239,60,1000,15,77.42,3639.2,0.624,0.625,AISI 1010 carbon steel,3216.0,3.66,Good,
239,60,1000,15,77.43,4109.76,0.624,0.625,AISI 1010 carbon steel,3216.0,3.66,Good,
239,60,1000,15,77.32,3421.42,0.624,0.625,AISI 1010 carbon steel,3216.0,3.66,Good,
239,60,1000,15,77.21,3450.45,0.624,0.625,AISI 1010 carbon steel,3216.0,3.66,Good,
239,60,1000,15,77.08,3657.12,0.624,0.625,AISI 1010 carbon steel,3216.0,3.66,Good,
239,60,1000,15,77.02,4210.64,0.624,0.625,AISI 1010 carbon steel,3216.0,3.66,Good,
246,60,1000,15,73.42,2122.81,0.64,0.63,AISI 1010 carbon steel,3039.0,3.33,Good,
246,60,1000,15,73.4,2423.22,0.64,0.63,AISI 1010 carbon steel,3039.0,3.33,Good,
246,60,1000,15,73.38,3128.91,0.64,0.63,AISI 1010 carbon steel,3039.0,3.33,Good,
246,60,1000,15,73.38,3894.89,0.64,0.63,AISI 1010 carbon steel,3039.0,3.33,Good,
246,60,1000,15,73.41,3863.41,0.64,0.63,AISI 1010 carbon steel,3039.0,3.33,Good,
246,60,1000,15,73.42,3420.92,0.64,0.63,AISI 1010 carbon steel,3039.0,3.33,Good,
246,60,1000,15,73.41,3463.89,0.64,0.63,AISI 1010 carbon steel,3039.0,3.33,Good,
246,60,1000,15,73.39,4034.15,0.64,0.63,AISI 1010 carbon steel,3039.0,3.33,Good,
246,60,1000,15,73.39,4098.86,0.64,0.63,AISI 1010 carbon steel,3039.0,3.33,Good,
246,60,1000,15,73.35,3515.15,0.64,0.63,AISI 1010 carbon steel,3039.0,3.33,Good,
246,60,1000,15,73.37,3528.34,0.64,0.63,AISI 1010 carbon steel,3039.0,3.33,Good,
247,60,1000,15,73.38,1748.75,0.644,0.631,AISI 1010 carbon steel,3242.3,3.55,Good,
247,60,1000,15,73.63,2682.6,0.644,0.631,AISI 1010 carbon steel,3242.3,3.55,Good,
247,60,1000,15,73.91,3285.5,0.644,0.631,AISI 1010 carbon steel,3242.3,3.55,Good,
247,60,1000,15,74.2,3152.46,0.644,0.631,AISI 1010 carbon steel,3242.3,3.55,Good,
247,60,1000,15,74.5,3223.14,0.644,0.631,AISI 1010 carbon steel,3242.3,3.55,Good,
247,60,1000,15,74.79,3831.67,0.644,0.631,AISI 1010 carbon steel,3242.3,3.55,Good,
247,60,1000,15,75.09,3686.63,0.644,0.631,AISI 1010 carbon steel,3242.3,3.55,Good,
247,60,1000,15,75.39,3305.86,0.644,0.631,AISI 1010 carbon steel,3242.3,3.55,Good,
247,60,1000,15,75.69,3312.1,0.644,0.631,AISI 1010 carbon steel,3242.3,3.55,Good,
247,60,1000,15,76.0,3867.86,0.644,0.631,AISI 1010 carbon steel,3242.3,3.55,Good,
247,60,1000,15,76.31,3842.87,0.644,0.631,AISI 1010 carbon steel,3242.3,3.55,Good,
248,60,1000,15,76.44,1788.62,0.635,0.635,AISI 1010 carbon steel,3121.5,3.52,Good,
248,60,1000,15,76.6,2693.48,0.635,0.635,AISI 1010 carbon steel,3121.5,3.52,Good,
248,60,1000,15,76.79,3712.66,0.635,0.635,AISI 1010 carbon steel,3121.5,3.52,Good,
248,60,1000,15,77.01,3521.02,0.635,0.635,AISI 1010 carbon steel,3121.5,3.52,Good,
248,60,1000,15,77.24,3244.41,0.635,0.635,AISI 1010 carbon steel,3121.5,3.52,Good,
248,60,1000,15,77.43,3269.24,0.635,0.635,AISI 1010 carbon steel,3121.5,3.52,Good,
248,60,1000,15,77.46,3933.99,0.635,0.635,AISI 1010 carbon steel,3121.5,3.52,Good,
248,60,1000,15,77.4,3744.49,0.635,0.635,AISI 1010 carbon steel,3121.5,3.52,Good,
248,60,1000,15,77.33,3350.3,0.635,0.635,AISI 1010 carbon steel,3121.5,3.52,Good,
248,60,1000,15,77.26,3342.59,0.635,0.635,AISI 1010 carbon steel,3121.5,3.52,Good,
248,60,1000,15,77.18,3952.31,0.635,0.635,AISI 1010 carbon steel,3121.5,3.52,Good,
251,60,1000,15,73.29,1812.5,0.624,0.634,AISI 1010 carbon steel,3040.2,3.68,Good,
251,60,1000,15,73.65,3772.4,0.624,0.634,AISI 1010 carbon steel,3040.2,3.68,Good,
251,60,1000,15,73.4,3467.86,0.624,0.634,AISI 1010 carbon steel,3040.2,3.68,Good,
251,60,1000,15,74.03,3378.42,0.624,0.634,AISI 1010 carbon steel,3040.2,3.68,Good,
251,60,1000,15,73.35,3458.92,0.624,0.634,AISI 1010 carbon steel,3040.2,3.68,Good,
251,60,1000,15,74.05,4191.81,0.624,0.634,AISI 1010 carbon steel,3040.2,3.68,Good,
251,60,1000,15,73.73,3791.51,0.624,0.634,AISI 1010 carbon steel,3040.2,3.68,Good,
251,60,1000,15,73.66,3495.52,0.624,0.634,AISI 1010 carbon steel,3040.2,3.68,Good,
251,60,1000,15,73.37,3507.8,0.624,0.634,AISI 1010 carbon steel,3040.2,3.68,Good,
251,60,1000,15,73.25,4183.18,0.624,0.634,AISI 1010 carbon steel,3040.2,3.68,Good,
253,60,1000,15,73.48,1860.26,0.641,0.638,AISI 1010 carbon steel,3251.9,4.12,Good,
253,60,1000,15,73.75,3028.35,0.641,0.638,AISI 1010 carbon steel,3251.9,4.12,Good,
253,60,1000,15,73.26,3209.23,0.641,0.638,AISI 1010 carbon steel,3251.9,4.12,Good,
253,60,1000,15,73.97,3282.89,0.641,0.638,AISI 1010 carbon steel,3251.9,4.12,Good,
253,60,1000,15,73.27,3512.21,0.641,0.638,AISI 1010 carbon steel,3251.9,4.12,Good,
253,60,1000,15,73.21,4151.81,0.641,0.638,AISI 1010 carbon steel,3251.9,4.12,Good,
253,60,1000,15,73.49,3522.48,0.641,0.638,AISI 1010 carbon steel,3251.9,4.12,Good,
253,60,1000,15,73.34,3458.92,0.641,0.638,AISI 1010 carbon steel,3251.9,4.12,Good,
253,60,1000,15,73.48,3501.42,0.641,0.638,AISI 1010 carbon steel,3251.9,4.12,Good,
253,60,1000,15,73.67,4234.26,0.641,0.638,AISI 1010 carbon steel,3251.9,4.12,Good,
253,60,1000,15,73.86,3701.06,0.641,0.638,AISI 1010 carbon steel,3251.9,4.12,Good,
254,60,1000,15,73.79,2230.28,0.628,0.634,AISI 1010 carbon steel,3095.8,3.39,Good,
254,60,1000,15,73.53,3324.54,0.628,0.634,AISI 1010 carbon steel,3095.8,3.39,Good,
254,60,1000,15,73.38,3337.96,0.628,0.634,AISI 1010 carbon steel,3095.8,3.39,Good,
254,60,1000,15,73.59,3336.93,0.628,0.634,AISI 1010 carbon steel,3095.8,3.39,Good,
254,60,1000,15,73.5,3446.47,0.628,0.634,AISI 1010 carbon steel,3095.8,3.39,Good,
254,60,1000,15,73.88,4214.72,0.628,0.634,AISI 1010 carbon steel,3095.8,3.39,Good,
254,60,1000,15,73.89,3684.29,0.628,0.634,AISI 1010 carbon steel,3095.8,3.39,Good,
254,60,1000,15,73.88,3516.13,0.628,0.634,AISI 1010 carbon steel,3095.8,3.39,Good,
254,60,1000,15,73.87,3547.78,0.628,0.634,AISI 1010 carbon steel,3095.8,3.39,Good,
254,60,1000,15,73.85,4289.55,0.628,0.634,AISI 1010 carbon steel,3095.8,3.39,Good,
254,60,1000,15,73.82,3807.8,0.628,0.634,AISI 1010 carbon steel,3095.8,3.39,Good,
255,60,1000,15,73.78,2503.51,0.63,0.64,AISI 1010 carbon steel,3167.0,3.3,Good,
255,60,1000,15,73.75,2450.74,0.63,0.64,AISI 1010 carbon steel,3167.0,3.3,Good,
255,60,1000,15,73.74,3485.67,0.63,0.64,AISI 1010 carbon steel,3167.0,3.3,Good,
255,60,1000,15,73.75,3288.64,0.63,0.64,AISI 1010 carbon steel,3167.0,3.3,Good,
255,60,1000,15,73.77,3375.37,0.63,0.64,AISI 1010 carbon steel,3167.0,3.3,Good,
255,60,1000,15,73.78,4092.98,0.63,0.64,AISI 1010 carbon steel,3167.0,3.3,Good,
255,60,1000,15,73.77,3959.7,0.63,0.64,AISI 1010 carbon steel,3167.0,3.3,Good,
255,60,1000,15,73.62,3497.49,0.63,0.64,AISI 1010 carbon steel,3167.0,3.3,Good,
255,60,1000,15,73.47,3515.64,0.63,0.64,AISI 1010 carbon steel,3167.0,3.3,Good,
255,60,1000,15,73.37,4103.06,0.63,0.64,AISI 1010 carbon steel,3167.0,3.3,Good,
255,60,1000,15,73.29,4144.76,0.63,0.64,AISI 1010 carbon steel,3167.0,3.3,Good,
257,60,1000,15,73.23,2825.62,0.633,0.629,AISI 1010 carbon steel,3163.4,3.29,Good,
257,60,1000,15,73.21,3720.07,0.633,0.629,AISI 1010 carbon steel,3163.4,3.29,Good,
257,60,1000,15,73.23,3839.74,0.633,0.629,AISI 1010 carbon steel,3163.4,3.29,Good,
257,60,1000,15,73.29,3423.43,0.633,0.629,AISI 1010 carbon steel,3163.4,3.29,Good,
257,60,1000,15,73.35,3458.92,0.633,0.629,AISI 1010 carbon steel,3163.4,3.29,Good,
257,60,1000,15,73.4,4033.3,0.633,0.629,AISI 1010 carbon steel,3163.4,3.29,Good,
257,60,1000,15,73.45,4165.05,0.633,0.629,AISI 1010 carbon steel,3163.4,3.29,Good,
257,60,1000,15,73.48,3533.69,0.633,0.629,AISI 1010 carbon steel,3163.4,3.29,Good,
257,60,1000,15,73.52,3554.08,0.633,0.629,AISI 1010 carbon steel,3163.4,3.29,Good,
257,60,1000,15,73.53,4023.05,0.633,0.629,AISI 1010 carbon steel,3163.4,3.29,Good,
258,60,1000,15,73.45,1838.88,0.641,0.637,AISI 1010 carbon steel,3188.5,3.9,Good,
258,60,1000,15,73.37,3561.81,0.641,0.637,AISI 1010 carbon steel,3188.5,3.9,Good,
258,60,1000,15,73.31,3350.82,0.641,0.637,AISI 1010 carbon steel,3188.5,3.9,Good,
258,60,1000,15,73.3,3402.27,0.641,0.637,AISI 1010 carbon steel,3188.5,3.9,Good,
258,60,1000,15,73.32,3720.53,0.641,0.637,AISI 1010 carbon steel,3188.5,3.9,Good,
258,60,1000,15,73.32,4317.93,0.641,0.637,AISI 1010 carbon steel,3188.5,3.9,Good,
258,60,1000,15,73.33,3653.82,0.641,0.637,AISI 1010 carbon steel,3188.5,3.9,Good,
258,60,1000,15,73.36,3583.48,0.641,0.637,AISI 1010 carbon steel,3188.5,3.9,Good,
258,60,1000,15,73.38,3710.81,0.641,0.637,AISI 1010 carbon steel,3188.5,3.9,Good,
258,60,1000,15,73.4,4426.11,0.641,0.637,AISI 1010 carbon steel,3188.5,3.9,Good,
258,60,1000,15,73.4,3812.32,0.641,0.637,AISI 1010 carbon steel,3188.5,3.9,Good,
259,60,1000,15,73.31,2015.58,0.635,0.633,AISI 1010 carbon steel,3056.6,3.36,Good,
259,60,1000,15,73.23,2913.72,0.635,0.633,AISI 1010 carbon steel,3056.6,3.36,Good,
259,60,1000,15,73.17,3239.11,0.635,0.633,AISI 1010 carbon steel,3056.6,3.36,Good,
259,60,1000,15,73.14,3661.82,0.635,0.633,AISI 1010 carbon steel,3056.6,3.36,Good,
259,60,1000,15,73.14,4260.18,0.635,0.633,AISI 1010 carbon steel,3056.6,3.36,Good,
259,60,1000,15,73.16,3613.11,0.635,0.633,AISI 1010 carbon steel,3056.6,3.36,Good,
259,60,1000,15,73.17,3566.64,0.635,0.633,AISI 1010 carbon steel,3056.6,3.36,Good,
259,60,1000,15,73.22,3704.31,0.635,0.633,AISI 1010 carbon steel,3056.6,3.36,Good,
259,60,1000,15,73.25,4429.61,0.635,0.633,AISI 1010 carbon steel,3056.6,3.36,Good,
259,60,1000,15,73.27,3853.15,0.635,0.633,AISI 1010 carbon steel,3056.6,3.36,Good,
259,60,1000,15,73.27,3653.35,0.635,0.633,AISI 1010 carbon steel,3056.6,3.36,Good,
261,60,1000,15,73.38,2343.11,0.633,0.631,AISI 1010 carbon steel,3013.7,3.57,Good,
261,60,1000,15,73.33,3166.07,0.633,0.631,AISI 1010 carbon steel,3013.7,3.57,Good,
261,60,1000,15,73.31,4016.63,0.633,0.631,AISI 1010 carbon steel,3013.7,3.57,Good,
261,60,1000,15,73.33,4086.26,0.633,0.631,AISI 1010 carbon steel,3013.7,3.57,Good,
261,60,1000,15,73.37,3529.8,0.633,0.631,AISI 1010 carbon steel,3013.7,3.57,Good,
261,60,1000,15,73.41,3582.04,0.633,0.631,AISI 1010 carbon steel,3013.7,3.57,Good,
261,60,1000,15,73.44,4067.69,0.633,0.631,AISI 1010 carbon steel,3013.7,3.57,Good,
261,60,1000,15,73.5,4421.84,0.633,0.631,AISI 1010 carbon steel,3013.7,3.57,Good,
261,60,1000,15,73.55,3691.76,0.633,0.631,AISI 1010 carbon steel,3013.7,3.57,Good,
261,60,1000,15,73.6,3674.48,0.633,0.631,AISI 1010 carbon steel,3013.7,3.57,Good,
263,60,1000,15,73.7,2749.73,0.63,0.646,AISI 1010 carbon steel,3056.3,3.98,Good,
263,60,1000,15,73.65,3209.77,0.63,0.646,AISI 1010 carbon steel,3056.3,3.98,Good,
263,60,1000,15,73.63,3330.74,0.63,0.646,AISI 1010 carbon steel,3056.3,3.98,Good,
263,60,1000,15,73.62,3465.87,0.63,0.646,AISI 1010 carbon steel,3056.3,3.98,Good,
263,60,1000,15,73.65,4151.4,0.63,0.646,AISI 1010 carbon steel,3056.3,3.98,Good,
263,60,1000,15,73.68,4290.35,0.63,0.646,AISI 1010 carbon steel,3056.3,3.98,Good,
263,60,1000,15,73.71,3648.17,0.63,0.646,AISI 1010 carbon steel,3056.3,3.98,Good,
263,60,1000,15,73.78,3671.2,0.63,0.646,AISI 1010 carbon steel,3056.3,3.98,Good,
263,60,1000,15,73.85,4124.38,0.63,0.646,AISI 1010 carbon steel,3056.3,3.98,Good,
263,60,1000,15,73.91,4530.96,0.63,0.646,AISI 1010 carbon steel,3056.3,3.98,Good,
263,60,1000,15,73.95,3776.05,0.63,0.646,AISI 1010 carbon steel,3056.3,3.98,Good,
267,60,1000,15,74.03,2696.67,0.625,0.631,AISI 1010 carbon steel,3091.0,3.69,Good,
267,60,1000,15,73.98,3300.65,0.625,0.631,AISI 1010 carbon steel,3091.0,3.69,Good,
267,60,1000,15,73.93,3601.67,0.625,0.631,AISI 1010 carbon steel,3091.0,3.69,Good,
267,60,1000,15,73.92,4394.91,0.625,0.631,AISI 1010 carbon steel,3091.0,3.69,Good,
267,60,1000,15,73.94,4271.87,0.625,0.631,AISI 1010 carbon steel,3091.0,3.69,Good,
267,60,1000,15,73.97,3740.81,0.625,0.631,AISI 1010 carbon steel,3091.0,3.69,Good,
267,60,1000,15,74.0,3772.86,0.625,0.631,AISI 1010 carbon steel,3091.0,3.69,Good,
267,60,1000,15,74.04,4414.83,0.625,0.631,AISI 1010 carbon steel,3091.0,3.69,Good,
267,60,1000,15,74.11,4527.54,0.625,0.631,AISI 1010 carbon steel,3091.0,3.69,Good,
267,60,1000,15,74.18,3837.5,0.625,0.631,AISI 1010 carbon steel,3091.0,3.69,Good,
268,60,1000,15,74.17,2938.41,0.641,0.639,AISI 1010 carbon steel,3053.3,3.68,Good,
268,60,1000,15,74.11,4066.0,0.641,0.639,AISI 1010 carbon steel,3053.3,3.68,Good,
268,60,1000,15,74.05,4386.3,0.641,0.639,AISI 1010 carbon steel,3053.3,3.68,Good,
268,60,1000,15,74.02,3771.04,0.641,0.639,AISI 1010 carbon steel,3053.3,3.68,Good,
268,60,1000,15,74.01,3771.95,0.641,0.639,AISI 1010 carbon steel,3053.3,3.68,Good,
268,60,1000,15,74.02,4233.45,0.641,0.639,AISI 1010 carbon steel,3053.3,3.68,Good,
268,60,1000,15,74.02,4653.8,0.641,0.639,AISI 1010 carbon steel,3053.3,3.68,Good,
268,60,1000,15,74.02,3910.75,0.641,0.639,AISI 1010 carbon steel,3053.3,3.68,Good,
268,60,1000,15,74.07,3833.01,0.641,0.639,AISI 1010 carbon steel,3053.3,3.68,Good,
268,60,1000,15,74.11,4072.34,0.641,0.639,AISI 1010 carbon steel,3053.3,3.68,Good,
269,60,1000,15,74.09,2515.85,0.643,0.642,AISI 1010 carbon steel,3220.8,3.62,Good,
269,60,1000,15,74.05,3752.29,0.643,0.642,AISI 1010 carbon steel,3220.8,3.62,Good,
269,60,1000,15,73.98,4487.47,0.643,0.642,AISI 1010 carbon steel,3220.8,3.62,Good,
269,60,1000,15,73.96,3874.52,0.643,0.642,AISI 1010 carbon steel,3220.8,3.62,Good,
269,60,1000,15,73.96,3753.21,0.643,0.642,AISI 1010 carbon steel,3220.8,3.62,Good,
269,60,1000,15,73.96,3922.17,0.643,0.642,AISI 1010 carbon steel,3220.8,3.62,Good,
269,60,1000,15,73.95,4686.58,0.643,0.642,AISI 1010 carbon steel,3220.8,3.62,Good,
269,60,1000,15,73.94,4095.09,0.643,0.642,AISI 1010 carbon steel,3220.8,3.62,Good,
269,60,1000,15,74.0,3803.28,0.643,0.642,AISI 1010 carbon steel,3220.8,3.62,Good,
269,60,1000,15,74.06,3901.51,0.643,0.642,AISI 1010 carbon steel,3220.8,3.62,Good,
270,60,1000,15,74.13,2099.18,0.632,0.641,AISI 1010 carbon steel,3076.0,3.47,Good,
270,60,1000,15,74.29,3121.76,0.632,0.641,AISI 1010 carbon steel,3076.0,3.47,Good,
270,60,1000,15,74.43,3489.61,0.632,0.641,AISI 1010 carbon steel,3076.0,3.47,Good,
270,60,1000,15,74.58,4291.16,0.632,0.641,AISI 1010 carbon steel,3076.0,3.47,Good,
270,60,1000,15,74.75,4015.78,0.632,0.641,AISI 1010 carbon steel,3076.0,3.47,Good,
270,60,1000,15,74.94,3610.26,0.632,0.641,AISI 1010 carbon steel,3076.0,3.47,Good,
270,60,1000,15,75.11,3645.81,0.632,0.641,AISI 1010 carbon steel,3076.0,3.47,Good,
270,60,1000,15,75.29,4387.08,0.632,0.641,AISI 1010 carbon steel,3076.0,3.47,Good,
270,60,1000,15,75.5,4267.44,0.632,0.641,AISI 1010 carbon steel,3076.0,3.47,Good,
270,60,1000,15,75.71,3701.06,0.632,0.641,AISI 1010 carbon steel,3076.0,3.47,Good,
271,60,1000,15,75.9,2644.5,0.647,0.64,AISI 1010 carbon steel,3151.2,3.65,Good,
271,60,1000,15,76.19,3821.33,0.647,0.64,AISI 1010 carbon steel,3151.2,3.65,Good,
271,60,1000,15,76.45,3492.57,0.647,0.64,AISI 1010 carbon steel,3151.2,3.65,Good,
271,60,1000,15,76.69,3560.85,0.647,0.64,AISI 1010 carbon steel,3151.2,3.65,Good,
271,60,1000,15,76.94,4201.23,0.647,0.64,AISI 1010 carbon steel,3151.2,3.65,Good,
271,60,1000,15,77.19,4275.9,0.647,0.64,AISI 1010 carbon steel,3151.2,3.65,Good,
271,60,1000,15,77.44,3655.23,0.647,0.64,AISI 1010 carbon steel,3151.2,3.65,Good,
271,60,1000,15,77.55,3653.35,0.647,0.64,AISI 1010 carbon steel,3151.2,3.65,Good,
271,60,1000,15,77.64,4220.43,0.647,0.64,AISI 1010 carbon steel,3151.2,3.65,Good,
271,60,1000,15,77.74,4452.85,0.647,0.64,AISI 1010 carbon steel,3151.2,3.65,Good,
272,60,1000,15,77.83,2445.12,0.638,0.631,AISI 1010 carbon steel,3160.4,3.57,Good,
272,60,1000,15,77.93,3935.74,0.638,0.631,AISI 1010 carbon steel,3160.4,3.57,Good,
272,60,1000,15,78.03,3811.87,0.638,0.631,AISI 1010 carbon steel,3160.4,3.57,Good,
272,60,1000,15,78.16,3544.87,0.638,0.631,AISI 1010 carbon steel,3160.4,3.57,Good,
272,60,1000,15,78.31,3636.84,0.638,0.631,AISI 1010 carbon steel,3160.4,3.57,Good,
272,60,1000,15,78.46,4261.39,0.638,0.631,AISI 1010 carbon steel,3160.4,3.57,Good,
272,60,1000,15,78.61,4167.53,0.638,0.631,AISI 1010 carbon steel,3160.4,3.57,Good,
272,60,1000,15,78.67,3673.07,0.638,0.631,AISI 1010 carbon steel,3160.4,3.57,Good,
272,60,1000,15,78.7,3657.12,0.638,0.631,AISI 1010 carbon steel,3160.4,3.57,Good,
272,60,1000,15,78.69,4125.22,0.638,0.631,AISI 1010 carbon steel,3160.4,3.57,Good,
273,60,1000,15,78.72,2351.9,0.639,0.623,AISI 1010 carbon steel,2953.4,3.39,Good,
273,60,1000,15,78.77,2950.68,0.639,0.623,AISI 1010 carbon steel,2953.4,3.39,Good,
273,60,1000,15,78.82,3203.33,0.639,0.623,AISI 1010 carbon steel,2953.4,3.39,Good,
273,60,1000,15,78.89,3382.49,0.639,0.623,AISI 1010 carbon steel,2953.4,3.39,Good,
273,60,1000,15,78.96,4143.52,0.639,0.623,AISI 1010 carbon steel,2953.4,3.39,Good,
273,60,1000,15,79.06,3957.1,0.639,0.623,AISI 1010 carbon steel,2953.4,3.39,Good,
273,60,1000,15,79.14,3514.17,0.639,0.623,AISI 1010 carbon steel,2953.4,3.39,Good,
273,60,1000,15,79.22,3509.76,0.639,0.623,AISI 1010 carbon steel,2953.4,3.39,Good,
273,60,1000,15,79.28,4115.2,0.639,0.623,AISI 1010 carbon steel,2953.4,3.39,Good,
273,60,1000,15,79.33,4232.64,0.639,0.623,AISI 1010 carbon steel,2953.4,3.39,Good,
273,60,1000,15,79.35,3614.54,0.639,0.623,AISI 1010 carbon steel,2953.4,3.39,Good,
274,60,1000,15,79.39,2098.36,0.622,0.618,AISI 1010 carbon steel,3089.2,3.76,Good,
274,60,1000,15,79.54,2439.49,0.622,0.618,AISI 1010 carbon steel,3089.2,3.76,Good,
274,60,1000,15,79.73,3052.67,0.622,0.618,AISI 1010 carbon steel,3089.2,3.76,Good,
274,60,1000,15,79.82,3530.77,0.622,0.618,AISI 1010 carbon steel,3089.2,3.76,Good,
274,60,1000,15,79.88,4247.65,0.622,0.618,AISI 1010 carbon steel,3089.2,3.76,Good,
274,60,1000,15,79.93,3563.74,0.622,0.618,AISI 1010 carbon steel,3089.2,3.76,Good,
274,60,1000,15,79.99,3542.44,0.622,0.618,AISI 1010 carbon steel,3089.2,3.76,Good,
274,60,1000,15,80.05,3675.41,0.622,0.618,AISI 1010 carbon steel,3089.2,3.76,Good,
274,60,1000,15,80.11,4432.33,0.622,0.618,AISI 1010 carbon steel,3089.2,3.76,Good,
274,60,1000,15,80.16,3930.93,0.622,0.618,AISI 1010 carbon steel,3089.2,3.76,Good,
274,60,1000,15,80.22,3699.67,0.622,0.618,AISI 1010 carbon steel,3089.2,3.76,Good,
275,60,1000,15,80.2,2714.47,0.611,0.62,AISI 1010 carbon steel,3053.9,3.67,Good,
275,60,1000,15,80.17,3703.38,0.611,0.62,AISI 1010 carbon steel,3053.9,3.67,Good,
275,60,1000,15,80.15,3610.73,0.611,0.62,AISI 1010 carbon steel,3053.9,3.67,Good,
275,60,1000,15,80.15,3571.46,0.611,0.62,AISI 1010 carbon steel,3053.9,3.67,Good,
275,60,1000,15,80.16,3810.06,0.611,0.62,AISI 1010 carbon steel,3053.9,3.67,Good,
275,60,1000,15,80.19,4506.6,0.611,0.62,AISI 1010 carbon steel,3053.9,3.67,Good,
275,60,1000,15,80.22,3897.54,0.611,0.62,AISI 1010 carbon steel,3053.9,3.67,Good,
275,60,1000,15,80.09,3708.95,0.611,0.62,AISI 1010 carbon steel,3053.9,3.67,Good,
275,60,1000,15,79.93,3847.35,0.611,0.62,AISI 1010 carbon steel,3053.9,3.67,Good,
275,60,1000,15,79.88,4594.66,0.611,0.62,AISI 1010 carbon steel,3053.9,3.67,Good,
275,60,1000,15,79.86,4069.81,0.611,0.62,AISI 1010 carbon steel,3053.9,3.67,Good,
278,60,1000,15,79.84,2654.89,0.62,0.621,AISI 1010 carbon steel,2922.3,3.68,Good,
278,60,1000,15,79.79,3571.94,0.62,0.621,AISI 1010 carbon steel,2922.3,3.68,Good,
278,60,1000,15,79.75,4171.65,0.62,0.621,AISI 1010 carbon steel,2922.3,3.68,Good,
278,60,1000,15,79.75,3589.23,0.62,0.621,AISI 1010 carbon steel,2922.3,3.68,Good,
278,60,1000,15,79.74,3538.07,0.62,0.621,AISI 1010 carbon steel,2922.3,3.68,Good,
278,60,1000,15,79.73,3895.33,0.62,0.621,AISI 1010 carbon steel,2922.3,3.68,Good,
278,60,1000,15,79.71,4342.95,0.62,0.621,AISI 1010 carbon steel,2922.3,3.68,Good,
278,60,1000,15,79.69,3713.12,0.62,0.621,AISI 1010 carbon steel,2922.3,3.68,Good,
278,60,1000,15,79.71,3615.97,0.62,0.621,AISI 1010 carbon steel,2922.3,3.68,Good,
278,60,1000,15,79.73,3791.51,0.62,0.621,AISI 1010 carbon steel,2922.3,3.68,Good,
279,60,1000,15,79.69,2903.08,0.613,0.618,AISI 1010 carbon steel,3008.5,3.49,Good,
279,60,1000,15,79.62,3917.34,0.613,0.618,AISI 1010 carbon steel,3008.5,3.49,Good,
279,60,1000,15,79.54,3554.08,0.613,0.618,AISI 1010 carbon steel,3008.5,3.49,Good,
279,60,1000,15,79.47,3528.34,0.613,0.618,AISI 1010 carbon steel,3008.5,3.49,Good,
279,60,1000,15,79.43,3801.47,0.613,0.618,AISI 1010 carbon steel,3008.5,3.49,Good,
279,60,1000,15,79.39,4510.41,0.613,0.618,AISI 1010 carbon steel,3008.5,3.49,Good,
279,60,1000,15,79.34,3934.43,0.613,0.618,AISI 1010 carbon steel,3008.5,3.49,Good,
279,60,1000,15,79.31,3678.69,0.613,0.618,AISI 1010 carbon steel,3008.5,3.49,Good,
279,60,1000,15,79.33,3783.79,0.613,0.618,AISI 1010 carbon steel,3008.5,3.49,Good,
279,60,1000,15,79.33,4531.34,0.613,0.618,AISI 1010 carbon steel,3008.5,3.49,Good,
280,60,1000,15,79.28,2829.27,0.622,0.613,AISI 1010 carbon steel,3115.5,3.88,Good,
280,60,1000,15,79.15,3344.14,0.622,0.613,AISI 1010 carbon steel,3115.5,3.88,Good,
280,60,1000,15,79.01,3482.21,0.622,0.613,AISI 1010 carbon steel,3115.5,3.88,Good,
280,60,1000,15,78.88,3596.41,0.622,0.613,AISI 1010 carbon steel,3115.5,3.88,Good,
280,60,1000,15,78.78,4241.97,0.622,0.613,AISI 1010 carbon steel,3115.5,3.88,Good,
280,60,1000,15,78.7,4373.73,0.622,0.613,AISI 1010 carbon steel,3115.5,3.88,Good,
280,60,1000,15,78.62,3751.83,0.622,0.613,AISI 1010 carbon steel,3115.5,3.88,Good,
280,60,1000,15,78.56,3748.62,0.622,0.613,AISI 1010 carbon steel,3115.5,3.88,Good,
280,60,1000,15,78.54,4207.37,0.622,0.613,AISI 1010 carbon steel,3115.5,3.88,Good,
280,60,1000,15,78.51,4561.98,0.622,0.613,AISI 1010 carbon steel,3115.5,3.88,Good,
280,60,1000,15,78.48,3819.98,0.622,0.613,AISI 1010 carbon steel,3115.5,3.88,Good,
287,60,800,15,74.58,2512.43,0.628,0.629,AISI 1010 carbon steel,3192.7,3.82,Good,
287,60,800,15,74.73,3562.3,0.628,0.629,AISI 1010 carbon steel,3192.7,3.82,Good,
287,60,800,15,74.73,4063.04,0.628,0.629,AISI 1010 carbon steel,3192.7,3.82,Good,
287,60,800,15,74.65,3656.18,0.628,0.629,AISI 1010 carbon steel,3192.7,3.82,Good,
287,60,800,15,74.81,3672.14,0.628,0.629,AISI 1010 carbon steel,3192.7,3.82,Good,
287,60,800,15,74.78,4147.25,0.628,0.629,AISI 1010 carbon steel,3192.7,3.82,Good,
287,60,800,15,74.82,4535.51,0.628,0.629,AISI 1010 carbon steel,3192.7,3.82,Good,
287,60,800,15,74.84,3795.13,0.628,0.629,AISI 1010 carbon steel,3192.7,3.82,Good,
287,60,800,15,74.85,3690.82,0.628,0.629,AISI 1010 carbon steel,3192.7,3.82,Good,
287,60,800,15,74.86,4033.3,0.628,0.629,AISI 1010 carbon steel,3192.7,3.82,Good,
287,60,800,15,74.87,4597.28,0.628,0.629,AISI 1010 carbon steel,3192.7,3.82,Good,
288,60,800,15,74.85,2799.93,0.618,0.623,AISI 1010 carbon steel,3208.2,3.82,Good,
288,60,800,15,74.8,3059.43,0.618,0.623,AISI 1010 carbon steel,3208.2,3.82,Good,
288,60,800,15,74.75,4040.54,0.618,0.623,AISI 1010 carbon steel,3208.2,3.82,Good,
288,60,800,15,74.7,3666.98,0.618,0.623,AISI 1010 carbon steel,3208.2,3.82,Good,
288,60,800,15,74.68,3372.82,0.618,0.623,AISI 1010 carbon steel,3208.2,3.82,Good,
288,60,800,15,74.67,3474.79,0.618,0.623,AISI 1010 carbon steel,3208.2,3.82,Good,
288,60,800,15,74.67,4179.07,0.618,0.623,AISI 1010 carbon steel,3208.2,3.82,Good,
288,60,800,15,74.69,3916.03,0.618,0.623,AISI 1010 carbon steel,3208.2,3.82,Good,
288,60,800,15,74.7,3475.29,0.618,0.623,AISI 1010 carbon steel,3208.2,3.82,Good,
288,60,800,15,74.71,3506.82,0.618,0.623,AISI 1010 carbon steel,3208.2,3.82,Good,
288,60,800,15,74.71,4133.54,0.618,0.623,AISI 1010 carbon steel,3208.2,3.82,Good,
291,60,800,15,75.17,2463.34,0.628,0.623,AISI 1010 carbon steel,3250.1,4.03,Good,
291,60,800,15,75.17,4043.52,0.628,0.623,AISI 1010 carbon steel,3250.1,4.03,Good,
291,60,800,15,75.16,3793.32,0.628,0.623,AISI 1010 carbon steel,3250.1,4.03,Good,
291,60,800,15,75.17,3579.64,0.628,0.623,AISI 1010 carbon steel,3250.1,4.03,Good,
291,60,800,15,75.18,3681.96,0.628,0.623,AISI 1010 carbon steel,3250.1,4.03,Good,
291,60,800,15,75.21,4514.22,0.628,0.623,AISI 1010 carbon steel,3250.1,4.03,Good,
291,60,800,15,75.24,4215.13,0.628,0.623,AISI 1010 carbon steel,3250.1,4.03,Good,
291,60,800,15,75.25,3773.77,0.628,0.623,AISI 1010 carbon steel,3250.1,4.03,Good,
291,60,800,15,75.26,3778.78,0.628,0.623,AISI 1010 carbon steel,3250.1,4.03,Good,
291,60,800,15,75.27,4413.27,0.628,0.623,AISI 1010 carbon steel,3250.1,4.03,Good,
292,60,800,15,75.27,2777.11,0.633,0.628,AISI 1010 carbon steel,2828.4,3.43,Good,
292,60,800,15,75.23,3225.81,0.633,0.628,AISI 1010 carbon steel,2828.4,3.43,Good,
292,60,800,15,75.18,3332.8,0.633,0.628,AISI 1010 carbon steel,2828.4,3.43,Good,
292,60,800,15,75.14,3230.6,0.633,0.628,AISI 1010 carbon steel,2828.4,3.43,Good,
292,60,800,15,75.1,3292.83,0.633,0.628,AISI 1010 carbon steel,2828.4,3.43,Good,
292,60,800,15,75.08,4153.88,0.633,0.628,AISI 1010 carbon steel,2828.4,3.43,Good,
292,60,800,15,75.06,3943.6,0.633,0.628,AISI 1010 carbon steel,2828.4,3.43,Good,
292,60,800,15,75.04,3540.02,0.633,0.628,AISI 1010 carbon steel,2828.4,3.43,Good,
292,60,800,15,75.04,3396.19,0.633,0.628,AISI 1010 carbon steel,2828.4,3.43,Good,
292,60,800,15,75.04,4017.92,0.633,0.628,AISI 1010 carbon steel,2828.4,3.43,Good,
292,60,800,15,75.04,4022.19,0.633,0.628,AISI 1010 carbon steel,2828.4,3.43,Good,
303,60,800,15,80.49,2433.13,0.632,0.631,AISI 1010 carbon steel,3039.6,3.59,Good,
303,60,800,15,80.48,3755.96,0.632,0.631,AISI 1010 carbon steel,3039.6,3.59,Good,
303,60,800,15,80.47,3703.38,0.632,0.631,AISI 1010 carbon steel,3039.6,3.59,Good,
303,60,800,15,80.46,3548.27,0.632,0.631,AISI 1010 carbon steel,3039.6,3.59,Good,
303,60,800,15,80.46,3797.4,0.632,0.631,AISI 1010 carbon steel,3039.6,3.59,Good,
303,60,800,15,80.45,4438.92,0.632,0.631,AISI 1010 carbon steel,3039.6,3.59,Good,
303,60,800,15,80.45,3637.78,0.632,0.631,AISI 1010 carbon steel,3039.6,3.59,Good,
303,60,800,15,80.47,3478.26,0.632,0.631,AISI 1010 carbon steel,3039.6,3.59,Good,
303,60,800,15,80.49,3766.02,0.632,0.631,AISI 1010 carbon steel,3039.6,3.59,Good,
304,60,800,15,80.51,2309.84,0.626,0.628,AISI 1010 carbon steel,3084.4,3.59,Good,
304,60,800,15,80.54,3331.77,0.626,0.628,AISI 1010 carbon steel,3084.4,3.59,Good,
304,60,800,15,80.58,3326.6,0.626,0.628,AISI 1010 carbon steel,3084.4,3.59,Good,
304,60,800,15,80.63,2845.63,0.626,0.628,AISI 1010 carbon steel,3084.4,3.59,Good,
304,60,800,15,80.69,2960.57,0.626,0.628,AISI 1010 carbon steel,3084.4,3.59,Good,
304,60,800,15,80.74,3204.41,0.626,0.628,AISI 1010 carbon steel,3084.4,3.59,Good,
304,60,800,15,80.8,2871.51,0.626,0.628,AISI 1010 carbon steel,3084.4,3.59,Good,
304,60,800,15,80.85,2717.64,0.626,0.628,AISI 1010 carbon steel,3084.4,3.59,Good,
304,60,800,15,80.9,2820.74,0.626,0.628,AISI 1010 carbon steel,3084.4,3.59,Good,
305,60,800,15,80.97,2450.04,0.628,0.62,AISI 1010 carbon steel,3114.3,3.7,Good,
305,60,800,15,81.04,3000.39,0.628,0.62,AISI 1010 carbon steel,3114.3,3.7,Good,
305,60,800,15,81.1,3445.47,0.628,0.62,AISI 1010 carbon steel,3114.3,3.7,Good,
305,60,800,15,81.14,3699.2,0.628,0.62,AISI 1010 carbon steel,3114.3,3.7,Good,
305,60,800,15,81.17,3957.1,0.628,0.62,AISI 1010 carbon steel,3114.3,3.7,Good,
305,60,800,15,81.19,3253.94,0.628,0.62,AISI 1010 carbon steel,3114.3,3.7,Good,
305,60,800,15,81.22,3262.92,0.628,0.62,AISI 1010 carbon steel,3114.3,3.7,Good,
305,60,800,15,81.25,3508.78,0.628,0.62,AISI 1010 carbon steel,3114.3,3.7,Good,
307,60,800,15,80.22,2285.89,0.631,0.62,AISI 1010 carbon steel,2866.1,3.67,Good,
307,60,800,15,80.16,2979.1,0.631,0.62,AISI 1010 carbon steel,2866.1,3.67,Good,
307,60,800,15,80.09,3359.53,0.631,0.62,AISI 1010 carbon steel,2866.1,3.67,Good,
307,60,800,15,80.03,4048.62,0.631,0.62,AISI 1010 carbon steel,2866.1,3.67,Good,
307,60,800,15,79.99,3401.76,0.631,0.62,AISI 1010 carbon steel,2866.1,3.67,Good,
307,60,800,15,79.95,3306.38,0.631,0.62,AISI 1010 carbon steel,2866.1,3.67,Good,
307,60,800,15,79.91,3444.97,0.631,0.62,AISI 1010 carbon steel,2866.1,3.67,Good,
307,60,800,15,79.88,4123.96,0.631,0.62,AISI 1010 carbon steel,2866.1,3.67,Good,
307,60,800,15,79.88,3543.42,0.631,0.62,AISI 1010 carbon steel,2866.1,3.67,Good,
308,60,800,15,79.88,2505.57,0.621,0.627,AISI 1010 carbon steel,3196.9,3.65,Explode,
308,60,800,15,79.87,3101.86,0.621,0.627,AISI 1010 carbon steel,3196.9,3.65,Explode,
308,60,800,15,79.86,2874.5,0.621,0.627,AISI 1010 carbon steel,3196.9,3.65,Explode,
308,60,800,15,79.86,3004.97,0.621,0.627,AISI 1010 carbon steel,3196.9,3.65,Explode,
308,60,800,15,79.85,3554.56,0.621,0.627,AISI 1010 carbon steel,3196.9,3.65,Explode,
308,60,800,15,79.84,3679.15,0.621,0.627,AISI 1010 carbon steel,3196.9,3.65,Explode,
308,60,800,15,79.83,3156.82,0.621,0.627,AISI 1010 carbon steel,3196.9,3.65,Explode,
308,60,800,15,79.81,3138.79,0.621,0.627,AISI 1010 carbon steel,3196.9,3.65,Explode,
309,60,800,15,79.76,2871.51,0.617,0.623,AISI 1010 carbon steel,3042.6,3.58,Good,
309,60,800,15,79.68,2632.12,0.617,0.623,AISI 1010 carbon steel,3042.6,3.58,Good,
309,60,800,15,79.6,2928.44,0.617,0.623,AISI 1010 carbon steel,3042.6,3.58,Good,
309,60,800,15,79.53,3674.01,0.617,0.623,AISI 1010 carbon steel,3042.6,3.58,Good,
309,60,800,15,79.48,3267.66,0.617,0.623,AISI 1010 carbon steel,3042.6,3.58,Good,
309,60,800,15,79.43,3159.54,0.617,0.623,AISI 1010 carbon steel,3042.6,3.58,Good,
309,60,800,15,79.37,3200.11,0.617,0.623,AISI 1010 carbon steel,3042.6,3.58,Good,
309,60,800,15,79.31,3870.52,0.617,0.623,AISI 1010 carbon steel,3042.6,3.58,Good,
309,60,800,15,79.25,3374.86,0.617,0.623,AISI 1010 carbon steel,3042.6,3.58,Good,
311,60,800,15,78.68,1843.55,0.631,0.632,AISI 1010 carbon steel,2978.0,3.65,Good,
311,60,800,15,78.69,2664.59,0.631,0.632,AISI 1010 carbon steel,2978.0,3.65,Good,
311,60,800,15,78.69,3011.26,0.631,0.632,AISI 1010 carbon steel,2978.0,3.65,Good,
311,60,800,15,78.68,2889.42,0.631,0.632,AISI 1010 carbon steel,2978.0,3.65,Good,
311,60,800,15,78.66,2941.92,0.631,0.632,AISI 1010 carbon steel,2978.0,3.65,Good,
311,60,800,15,78.64,3588.75,0.631,0.632,AISI 1010 carbon steel,2978.0,3.65,Good,
311,60,800,15,78.63,3396.7,0.631,0.632,AISI 1010 carbon steel,2978.0,3.65,Good,
311,60,800,15,78.62,3132.21,0.631,0.632,AISI 1010 carbon steel,2978.0,3.65,Good,
311,60,800,15,78.62,3119.0,0.631,0.632,AISI 1010 carbon steel,2978.0,3.65,Good,
312,60,800,15,78.68,1237.24,0.628,0.633,AISI 1010 carbon steel,3159.8,4.28,Good,
312,60,800,15,78.74,2166.92,0.628,0.633,AISI 1010 carbon steel,3159.8,4.28,Good,
312,60,800,15,78.8,2781.44,0.628,0.633,AISI 1010 carbon steel,3159.8,4.28,Good,
312,60,800,15,78.84,3256.58,0.628,0.633,AISI 1010 carbon steel,3159.8,4.28,Good,
312,60,800,15,78.88,3497.0,0.628,0.633,AISI 1010 carbon steel,3159.8,4.28,Good,
312,60,800,15,78.91,3057.18,0.628,0.633,AISI 1010 carbon steel,3159.8,4.28,Good,
312,60,800,15,78.94,3130.01,0.628,0.633,AISI 1010 carbon steel,3159.8,4.28,Good,
312,60,800,15,78.97,3501.91,0.628,0.633,AISI 1010 carbon steel,3159.8,4.28,Good,
312,60,800,15,79.0,3631.16,0.628,0.633,AISI 1010 carbon steel,3159.8,4.28,Good,
315,60,800,15,78.0,2056.97,0.632,0.624,AISI 1010 carbon steel,3079.6,3.89,Good,
315,60,800,15,77.95,3014.69,0.632,0.624,AISI 1010 carbon steel,3079.6,3.89,Good,
315,60,800,15,77.94,3101.3,0.632,0.624,AISI 1010 carbon steel,3079.6,3.89,Good,
315,60,800,15,77.91,3168.78,0.632,0.624,AISI 1010 carbon steel,3079.6,3.89,Good,
315,60,800,15,77.91,3869.63,0.632,0.624,AISI 1010 carbon steel,3079.6,3.89,Good,
315,60,800,15,77.92,3615.02,0.632,0.624,AISI 1010 carbon steel,3079.6,3.89,Good,
315,60,800,15,77.91,3229.0,0.632,0.624,AISI 1010 carbon steel,3079.6,3.89,Good,
315,60,800,15,77.89,3216.73,0.632,0.624,AISI 1010 carbon steel,3079.6,3.89,Good,
315,60,800,15,77.86,3782.42,0.632,0.624,AISI 1010 carbon steel,3079.6,3.89,Good,
316,60,800,15,77.8,2632.12,0.633,0.624,AISI 1010 carbon steel,3104.8,3.36,Good,
316,60,800,15,77.81,2795.02,0.633,0.624,AISI 1010 carbon steel,3104.8,3.36,Good,
316,60,800,15,77.81,3020.95,0.633,0.624,AISI 1010 carbon steel,3104.8,3.36,Good,
316,60,800,15,77.82,3151.91,0.633,0.624,AISI 1010 carbon steel,3104.8,3.36,Good,
316,60,800,15,77.84,3723.3,0.633,0.624,AISI 1010 carbon steel,3104.8,3.36,Good,
316,60,800,15,77.86,3780.6,0.633,0.624,AISI 1010 carbon steel,3104.8,3.36,Good,
316,60,800,15,77.87,3234.86,0.633,0.624,AISI 1010 carbon steel,3104.8,3.36,Good,
316,60,800,15,77.88,3253.41,0.633,0.624,AISI 1010 carbon steel,3104.8,3.36,Good,
316,60,800,15,77.89,3663.22,0.633,0.624,AISI 1010 carbon steel,3104.8,3.36,Good,
317,60,800,15,77.93,2492.5,0.631,0.623,AISI 1010 carbon steel,1881.6,2.44,Explode,
317,60,800,15,78.01,3385.03,0.631,0.623,AISI 1010 carbon steel,1881.6,2.44,Explode,
317,60,800,15,78.08,3149.73,0.631,0.623,AISI 1010 carbon steel,1881.6,2.44,Explode,
317,60,800,15,78.16,3204.94,0.631,0.623,AISI 1010 carbon steel,1881.6,2.44,Explode,
317,60,800,15,78.21,3477.27,0.631,0.623,AISI 1010 carbon steel,1881.6,2.44,Explode,
317,60,800,15,78.26,4062.19,0.631,0.623,AISI 1010 carbon steel,1881.6,2.44,Explode,
317,60,800,15,78.31,3384.02,0.631,0.623,AISI 1010 carbon steel,1881.6,2.44,Explode,
317,60,800,15,78.36,3360.56,0.631,0.623,AISI 1010 carbon steel,1881.6,2.44,Explode,
317,60,800,15,78.42,3534.18,0.631,0.623,AISI 1010 carbon steel,1881.6,2.44,Explode,
318,60,800,15,78.41,3583.48,0.633,0.632,AISI 1010 carbon steel,3132.3,3.74,Good,
318,60,800,15,78.4,3939.24,0.633,0.632,AISI 1010 carbon steel,3132.3,3.74,Good,
318,60,800,15,78.4,4031.16,0.633,0.632,AISI 1010 carbon steel,3132.3,3.74,Good,
318,60,800,15,78.39,3364.14,0.633,0.632,AISI 1010 carbon steel,3132.3,3.74,Good,
318,60,800,15,78.34,3373.33,0.633,0.632,AISI 1010 carbon steel,3132.3,3.74,Good,
318,60,800,15,78.28,3796.04,0.633,0.632,AISI 1010 carbon steel,3132.3,3.74,Good,
318,60,800,15,78.21,3996.02,0.633,0.632,AISI 1010 carbon steel,3132.3,3.74,Good,
318,60,800,15,78.13,3367.2,0.633,0.632,AISI 1010 carbon steel,3132.3,3.74,Good,
318,60,800,15,78.07,3403.28,0.633,0.632,AISI 1010 carbon steel,3132.3,3.74,Good,
321,60,800,15,82.81,3227.41,0.631,0.628,AISI 1010 carbon steel,3177.7,3.66,Good,
321,60,800,15,82.63,3578.19,0.631,0.628,AISI 1010 carbon steel,3177.7,3.66,Good,
321,60,800,15,82.46,3642.98,0.631,0.628,AISI 1010 carbon steel,3177.7,3.66,Good,
321,60,800,15,82.29,4336.61,0.631,0.628,AISI 1010 carbon steel,3177.7,3.66,Good,
321,60,800,15,82.13,3771.95,0.631,0.628,AISI 1010 carbon steel,3177.7,3.66,Good,
321,60,800,15,81.96,3337.44,0.631,0.628,AISI 1010 carbon steel,3177.7,3.66,Good,
321,60,800,15,81.8,3362.09,0.631,0.628,AISI 1010 carbon steel,3177.7,3.66,Good,
321,60,800,15,81.64,4082.47,0.631,0.628,AISI 1010 carbon steel,3177.7,3.66,Good,
321,60,800,15,81.47,3868.3,0.631,0.628,AISI 1010 carbon steel,3177.7,3.66,Good,
322,60,800,15,81.34,2718.27,0.632,0.628,AISI 1010 carbon steel,3111.9,3.64,Good,
322,60,800,15,81.21,3278.17,0.632,0.628,AISI 1010 carbon steel,3111.9,3.64,Good,
322,60,800,15,81.09,3084.06,0.632,0.628,AISI 1010 carbon steel,3111.9,3.64,Good,
322,60,800,15,80.97,3206.55,0.632,0.628,AISI 1010 carbon steel,3111.9,3.64,Good,
322,60,800,15,80.84,3874.96,0.632,0.628,AISI 1010 carbon steel,3111.9,3.64,Good,
322,60,800,15,80.71,3809.16,0.632,0.628,AISI 1010 carbon steel,3111.9,3.64,Good,
322,60,800,15,80.6,3326.09,0.632,0.628,AISI 1010 carbon steel,3111.9,3.64,Good,
322,60,800,15,80.49,3340.54,0.632,0.628,AISI 1010 carbon steel,3111.9,3.64,Good,
322,60,800,15,80.43,3934.87,0.632,0.628,AISI 1010 carbon steel,3111.9,3.64,Good,
323,60,800,15,80.37,2745.97,0.627,0.63,AISI 1010 carbon steel,3106.5,4.05,Explode,
323,60,800,15,80.28,3361.58,0.627,0.63,AISI 1010 carbon steel,3106.5,4.05,Explode,
323,60,800,15,80.19,4199.59,0.627,0.63,AISI 1010 carbon steel,3106.5,4.05,Explode,
323,60,800,15,80.11,3964.48,0.627,0.63,AISI 1010 carbon steel,3106.5,4.05,Explode,
323,60,800,15,80.03,3541.96,0.627,0.63,AISI 1010 carbon steel,3106.5,4.05,Explode,
323,60,800,15,79.94,3615.02,0.627,0.63,AISI 1010 carbon steel,3106.5,4.05,Explode,
323,60,800,15,79.85,4367.83,0.627,0.63,AISI 1010 carbon steel,3106.5,4.05,Explode,
323,60,800,15,79.76,3791.96,0.627,0.63,AISI 1010 carbon steel,3106.5,4.05,Explode,
325,60,800,15,79.16,2418.24,0.632,0.624,AISI 1010 carbon steel,3015.0,3.54,Good,
325,60,800,15,79.15,3811.87,0.638,0.628,AISI 1010 carbon steel,3015.0,3.54,Good,
325,60,800,15,79.14,3647.23,0.638,0.628,AISI 1010 carbon steel,3015.0,3.54,Good,
325,60,800,15,79.13,3524.43,0.638,0.628,AISI 1010 carbon steel,3015.0,3.54,Good,
325,60,800,15,79.13,3623.57,0.638,0.628,AISI 1010 carbon steel,3015.0,3.54,Good,
325,60,800,15,79.11,4306.36,0.638,0.628,AISI 1010 carbon steel,3015.0,3.54,Good,
325,60,800,15,79.09,3898.86,0.638,0.628,AISI 1010 carbon steel,3015.0,3.54,Good,
325,60,800,15,79.07,3555.05,0.638,0.628,AISI 1010 carbon steel,3015.0,3.54,Good,
325,60,800,15,79.07,3589.71,0.638,0.628,AISI 1010 carbon steel,3015.0,3.54,Good,
327,60,800,15,78.98,1690.74,0.627,0.63,AISI 1010 carbon steel,3101.8,3.82,Good,
327,60,800,15,78.97,2188.24,0.627,0.63,AISI 1010 carbon steel,3101.8,3.82,Good,
327,60,800,15,78.95,3200.65,0.627,0.63,AISI 1010 carbon steel,3101.8,3.82,Good,
327,60,800,15,78.93,2992.93,0.627,0.63,AISI 1010 carbon steel,3101.8,3.82,Good,
327,60,800,15,78.91,3057.18,0.627,0.63,AISI 1010 carbon steel,3101.8,3.82,Good,
327,60,800,15,78.9,3688.49,0.627,0.63,AISI 1010 carbon steel,3101.8,3.82,Good,
327,60,800,15,78.89,3560.85,0.627,0.63,AISI 1010 carbon steel,3101.8,3.82,Good,
327,60,800,15,78.89,3167.16,0.627,0.63,AISI 1010 carbon steel,3101.8,3.82,Good,
327,60,800,15,78.89,3166.61,0.627,0.63,AISI 1010 carbon steel,3101.8,3.82,Good,
328,60,800,15,78.91,2239.52,0.621,0.629,AISI 1010 carbon steel,3037.2,3.6,Good,
328,60,800,15,78.92,3162.81,0.621,0.629,AISI 1010 carbon steel,3037.2,3.6,Good,
328,60,800,15,78.92,3595.46,0.621,0.629,AISI 1010 carbon steel,3037.2,3.6,Good,
328,60,800,15,78.93,3181.78,0.621,0.629,AISI 1010 carbon steel,3037.2,3.6,Good,
328,60,800,15,78.93,3201.72,0.621,0.629,AISI 1010 carbon steel,3037.2,3.6,Good,
328,60,800,15,78.93,3685.23,0.621,0.629,AISI 1010 carbon steel,3037.2,3.6,Good,
328,60,800,15,78.93,3960.14,0.621,0.629,AISI 1010 carbon steel,3037.2,3.6,Good,
328,60,800,15,78.92,3282.36,0.621,0.629,AISI 1010 carbon steel,3037.2,3.6,Good,
328,60,800,15,78.92,3274.49,0.621,0.629,AISI 1010 carbon steel,3037.2,3.6,Good,
331,60,800,15,81.57,1242.79,0.625,0.629,AISI 1010 carbon steel,3091.0,3.42,Good,
331,60,800,15,81.79,2030.88,0.625,0.629,AISI 1010 carbon steel,3091.0,3.42,Good,
331,60,800,15,82.01,2447.93,0.625,0.629,AISI 1010 carbon steel,3091.0,3.42,Good,
331,60,800,15,82.25,2664.59,0.625,0.629,AISI 1010 carbon steel,3091.0,3.42,Good,
331,60,800,15,82.49,3024.37,0.625,0.629,AISI 1010 carbon steel,3091.0,3.42,Good,
331,60,800,15,82.74,4060.5,0.625,0.629,AISI 1010 carbon steel,3091.0,3.42,Good,
331,60,800,15,82.99,3812.77,0.625,0.629,AISI 1010 carbon steel,3091.0,3.42,Good,
331,60,800,15,83.22,3484.19,0.625,0.629,AISI 1010 carbon steel,3091.0,3.42,Good,
331,60,800,15,83.46,3518.08,0.625,0.629,AISI 1010 carbon steel,3091.0,3.42,Good,
332,60,800,15,83.46,2543.05,0.63,0.633,AISI 1010 carbon steel,2835.0,3.57,Good,
332,60,800,15,83.29,3511.23,0.63,0.633,AISI 1010 carbon steel,2835.0,3.57,Good,
332,60,800,15,83.12,3714.51,0.63,0.633,AISI 1010 carbon steel,2835.0,3.57,Good,
332,60,800,15,82.95,3390.62,0.63,0.633,AISI 1010 carbon steel,2835.0,3.57,Good,
332,60,800,15,82.8,3537.59,0.63,0.633,AISI 1010 carbon steel,2835.0,3.57,Good,
332,60,800,15,82.63,4184.82,0.63,0.633,AISI 1010 carbon steel,2835.0,3.57,Good,
332,60,800,15,82.47,4143.1,0.63,0.633,AISI 1010 carbon steel,2835.0,3.57,Good,
332,60,800,15,82.32,3590.19,0.63,0.633,AISI 1010 carbon steel,2835.0,3.57,Good,
332,60,800,15,82.25,3570.01,0.63,0.633,AISI 1010 carbon steel,2835.0,3.57,Good,
333,60,800,15,82.22,2928.44,0.628,0.644,AISI 1010 carbon steel,3069.5,3.8,Good,
333,60,800,15,82.18,3134.95,0.628,0.644,AISI 1010 carbon steel,3069.5,3.8,Good,
333,60,800,15,82.14,3470.83,0.628,0.644,AISI 1010 carbon steel,3069.5,3.8,Good,
333,60,800,15,82.1,4170.83,0.628,0.644,AISI 1010 carbon steel,3069.5,3.8,Good,
333,60,800,15,82.04,3819.08,0.628,0.644,AISI 1010 carbon steel,3069.5,3.8,Good,
333,60,800,15,81.96,3478.75,0.628,0.644,AISI 1010 carbon steel,3069.5,3.8,Good,
333,60,800,15,81.88,3513.19,0.628,0.644,AISI 1010 carbon steel,3069.5,3.8,Good,
333,60,800,15,81.8,4235.89,0.628,0.644,AISI 1010 carbon steel,3069.5,3.8,Good,
334,60,800,15,81.73,3099.08,0.62,0.631,AISI 1010 carbon steel,3027.6,3.58,Explode,
334,60,800,15,81.68,3878.07,0.62,0.631,AISI 1010 carbon steel,3027.6,3.58,Explode,
334,60,800,15,81.62,3522.48,0.62,0.631,AISI 1010 carbon steel,3027.6,3.58,Explode,
334,60,800,15,81.59,3443.47,0.62,0.631,AISI 1010 carbon steel,3027.6,3.58,Explode,
334,60,800,15,81.57,3590.67,0.62,0.631,AISI 1010 carbon steel,3027.6,3.58,Explode,
334,60,800,15,81.53,4353.23,0.62,0.631,AISI 1010 carbon steel,3027.6,3.58,Explode,
334,60,800,15,81.48,3698.74,0.62,0.631,AISI 1010 carbon steel,3027.6,3.58,Explode,
334,60,800,15,81.43,3558.91,0.62,0.631,AISI 1010 carbon steel,3027.6,3.58,Explode,
337,60,600,15,89.26,1849.14,0.627,0.621,AISI 1010 carbon steel,3073.7,3.69,Explode,
337,60,600,15,89.1,2955.34,0.627,0.621,AISI 1010 carbon steel,3073.7,3.69,Explode,
337,60,600,15,89.22,3499.95,0.627,0.621,AISI 1010 carbon steel,3073.7,3.69,Explode,
337,60,600,15,89.24,4040.97,0.627,0.621,AISI 1010 carbon steel,3073.7,3.69,Explode,
337,60,600,15,89.07,3406.81,0.627,0.621,AISI 1010 carbon steel,3073.7,3.69,Explode,
337,60,600,15,89.19,3624.04,0.627,0.621,AISI 1010 carbon steel,3073.7,3.69,Explode,
340,60,600,15,89.31,2876.29,0.625,0.624,AISI 1010 carbon steel,2834.4,3.63,Good,
340,60,600,15,89.25,3346.19,0.625,0.624,AISI 1010 carbon steel,2834.4,3.63,Good,
340,60,600,15,89.17,3650.05,0.625,0.624,AISI 1010 carbon steel,2834.4,3.63,Good,
340,60,600,15,89.11,3941.42,0.625,0.624,AISI 1010 carbon steel,2834.4,3.63,Good,
340,60,600,15,89.15,4823.67,0.625,0.624,AISI 1010 carbon steel,2834.4,3.63,Good,
340,60,600,15,89.18,4209.0,0.625,0.624,AISI 1010 carbon steel,2834.4,3.63,Good,
340,60,600,15,89.22,3978.34,0.625,0.624,AISI 1010 carbon steel,2834.4,3.63,Good,
341,60,600,15,89.26,3023.8,0.631,0.635,AISI 1010 carbon steel,3100.6,3.47,Good,
341,60,600,15,89.27,3569.05,0.631,0.635,AISI 1010 carbon steel,3100.6,3.47,Good,
341,60,600,15,89.27,4341.36,0.631,0.635,AISI 1010 carbon steel,3100.6,3.47,Good,
341,60,600,15,89.29,4228.17,0.631,0.635,AISI 1010 carbon steel,3100.6,3.47,Good,
341,60,600,15,89.37,3622.15,0.631,0.635,AISI 1010 carbon steel,3100.6,3.47,Good,
341,60,600,15,89.46,3828.52,0.631,0.635,AISI 1010 carbon steel,3100.6,3.47,Good,
342,60,600,15,89.48,2708.13,0.629,0.63,AISI 1010 carbon steel,3108.3,3.69,Good,
342,60,600,15,89.48,3488.63,0.629,0.63,AISI 1010 carbon steel,3108.3,3.69,Good,
342,60,600,15,89.47,3543.9,0.629,0.63,AISI 1010 carbon steel,3108.3,3.69,Good,
342,60,600,15,89.46,3819.98,0.629,0.63,AISI 1010 carbon steel,3108.3,3.69,Good,
342,60,600,15,89.47,4571.39,0.629,0.63,AISI 1010 carbon steel,3108.3,3.69,Good,
342,60,600,15,89.58,3973.58,0.629,0.63,AISI 1010 carbon steel,3108.3,3.69,Good,
342,60,600,15,89.7,3726.99,0.629,0.63,AISI 1010 carbon steel,3108.3,3.69,Good,
343,60,600,15,89.73,2899.52,0.633,0.625,AISI 1010 carbon steel,2755.5,3.26,Good,
343,60,600,15,89.75,3889.14,0.633,0.625,AISI 1010 carbon steel,2755.5,3.26,Good,
343,60,600,15,89.77,3645.81,0.633,0.625,AISI 1010 carbon steel,2755.5,3.26,Good,
343,60,600,15,89.8,3560.36,0.633,0.625,AISI 1010 carbon steel,2755.5,3.26,Good,
343,60,600,15,89.85,4153.06,0.633,0.625,AISI 1010 carbon steel,2755.5,3.26,Good,
343,60,600,15,89.91,4513.84,0.633,0.625,AISI 1010 carbon steel,2755.5,3.26,Good,
343,60,600,15,89.96,3774.23,0.633,0.625,AISI 1010 carbon steel,2755.5,3.26,Good,
344,60,600,15,89.95,1990.68,0.62,0.62,AISI 1010 carbon steel,2774.6,3.21,Good,
344,60,600,15,89.93,2925.5,0.62,0.62,AISI 1010 carbon steel,2774.6,3.21,Good,
344,60,600,15,89.91,3926.99,0.62,0.62,AISI 1010 carbon steel,2774.6,3.21,Good,
344,60,600,15,89.87,3416.89,0.62,0.62,AISI 1010 carbon steel,2774.6,3.21,Good,
344,60,600,15,89.92,3491.58,0.62,0.62,AISI 1010 carbon steel,2774.6,3.21,Good,
344,60,600,15,89.99,3923.49,0.62,0.62,AISI 1010 carbon steel,2774.6,3.21,Good,
344,60,600,15,90.05,4473.65,0.62,0.62,AISI 1010 carbon steel,2774.6,3.21,Good,
346,60,600,15,90.02,2371.56,0.629,0.615,AISI 1010 carbon steel,3032.4,3.56,Good,
346,60,600,15,90.01,3044.77,0.629,0.615,AISI 1010 carbon steel,3032.4,3.56,Good,
346,60,600,15,89.99,3279.22,0.629,0.615,AISI 1010 carbon steel,3032.4,3.56,Good,
346,60,600,15,89.98,3997.32,0.629,0.615,AISI 1010 carbon steel,3032.4,3.56,Good,
346,60,600,15,90.05,4012.78,0.629,0.615,AISI 1010 carbon steel,3032.4,3.56,Good,
346,60,600,15,90.11,3487.15,0.629,0.615,AISI 1010 carbon steel,3032.4,3.56,Good,
346,60,600,15,90.18,3570.01,0.629,0.615,AISI 1010 carbon steel,3032.4,3.56,Good,
347,60,600,15,90.18,2083.56,0.621,0.62,AISI 1010 carbon steel,3062.9,3.27,Good,
347,60,600,15,90.18,3451.45,0.621,0.62,AISI 1010 carbon steel,3062.9,3.27,Good,
347,60,600,15,90.17,3302.73,0.621,0.62,AISI 1010 carbon steel,3062.9,3.27,Good,
347,60,600,15,90.16,3300.65,0.621,0.62,AISI 1010 carbon steel,3062.9,3.27,Good,
347,60,600,15,90.25,3989.99,0.621,0.62,AISI 1010 carbon steel,3062.9,3.27,Good,
347,60,600,15,90.35,3828.52,0.621,0.62,AISI 1010 carbon steel,3062.9,3.27,Good,
347,60,600,15,90.45,3403.28,0.621,0.62,AISI 1010 carbon steel,3062.9,3.27,Good,
348,60,600,15,90.53,2663.3,0.627,0.625,AISI 1010 carbon steel,3096.4,3.34,Good,
348,60,600,15,90.7,3624.04,0.627,0.625,AISI 1010 carbon steel,3096.4,3.34,Good,
348,60,600,15,90.86,3743.11,0.627,0.625,AISI 1010 carbon steel,3096.4,3.34,Good,
348,60,600,15,91.02,3354.41,0.627,0.625,AISI 1010 carbon steel,3096.4,3.34,Good,
348,60,600,15,91.21,3504.86,0.627,0.625,AISI 1010 carbon steel,3096.4,3.34,Good,
348,60,600,15,91.42,4132.3,0.627,0.625,AISI 1010 carbon steel,3096.4,3.34,Good,
348,60,600,15,91.64,4181.53,0.627,0.625,AISI 1010 carbon steel,3096.4,3.34,Good,
350,60,600,15,92.26,2648.4,0.626,0.622,AISI 1010 carbon steel,2854.1,3.52,Good,
350,60,600,15,92.22,2722.06,0.626,0.622,AISI 1010 carbon steel,2854.1,3.52,Good,
350,60,600,15,92.18,3266.6,0.626,0.622,AISI 1010 carbon steel,2854.1,3.52,Good,
350,60,600,15,92.13,3317.8,0.626,0.622,AISI 1010 carbon steel,2854.1,3.52,Good,
350,60,600,15,92.02,3648.17,0.626,0.622,AISI 1010 carbon steel,2854.1,3.52,Good,
350,60,600,15,91.92,4226.54,0.626,0.622,AISI 1010 carbon steel,2854.1,3.52,Good,
350,60,600,15,91.81,3526.39,0.626,0.622,AISI 1010 carbon steel,2854.1,3.52,Good,
352,60,600,15,91.02,2252.54,0.619,0.624,AISI 1010 carbon steel,2754.3,3.56,Good,
352,60,600,15,91.19,3236.98,0.619,0.624,AISI 1010 carbon steel,2754.3,3.56,Good,
352,60,600,15,91.35,3207.63,0.619,0.624,AISI 1010 carbon steel,2754.3,3.56,Good,
352,60,600,15,91.49,3681.96,0.619,0.624,AISI 1010 carbon steel,2754.3,3.56,Good,
352,60,600,15,91.79,4396.48,0.619,0.624,AISI 1010 carbon steel,2754.3,3.56,Good,
352,60,600,15,92.07,3950.14,0.619,0.624,AISI 1010 carbon steel,2754.3,3.56,Good,
353,60,600,15,92.27,3093.53,0.632,0.618,AISI 1010 carbon steel,2882.9,3.32,Good,
353,60,600,15,92.47,3215.12,0.632,0.618,AISI 1010 carbon steel,2882.9,3.32,Good,
353,60,600,15,92.66,3731.15,0.632,0.618,AISI 1010 carbon steel,2882.9,3.32,Good,
353,60,600,15,92.85,4433.49,0.632,0.618,AISI 1010 carbon steel,2882.9,3.32,Good,
353,60,600,15,93.05,3845.56,0.632,0.618,AISI 1010 carbon steel,2882.9,3.32,Good,
353,60,600,15,93.32,3601.67,0.632,0.618,AISI 1010 carbon steel,2882.9,3.32,Good,
355,60,600,15,94.66,2259.4,0.622,0.622,AISI 1010 carbon steel,2821.2,3.17,Good,
355,60,600,15,94.59,2906.63,0.622,0.622,AISI 1010 carbon steel,2821.2,3.17,Good,
355,60,600,15,94.51,3082.95,0.622,0.622,AISI 1010 carbon steel,2821.2,3.17,Good,
355,60,600,15,94.46,3446.47,0.622,0.622,AISI 1010 carbon steel,2821.2,3.17,Good,
355,60,600,15,94.43,4091.3,0.622,0.622,AISI 1010 carbon steel,2821.2,3.17,Good,
355,60,600,15,94.4,3612.64,0.622,0.622,AISI 1010 carbon steel,2821.2,3.17,Good,
355,60,600,15,94.45,3395.69,0.622,0.622,AISI 1010 carbon steel,2821.2,3.17,Good,
357,60,600,15,94.6,2798.71,0.617,0.614,AISI 1010 carbon steel,2940.3,3.53,Good,
357,60,600,15,94.59,2703.68,0.617,0.614,AISI 1010 carbon steel,2940.3,3.53,Good,
357,60,600,15,94.58,3154.09,0.617,0.614,AISI 1010 carbon steel,2940.3,3.53,Good,
357,60,600,15,94.58,3790.6,0.617,0.614,AISI 1010 carbon steel,2940.3,3.53,Good,
357,60,600,15,94.68,4017.92,0.617,0.614,AISI 1010 carbon steel,2940.3,3.53,Good,
357,60,600,15,94.78,3425.94,0.617,0.614,AISI 1010 carbon steel,2940.3,3.53,Good,
357,60,600,15,94.87,3420.92,0.617,0.614,AISI 1010 carbon steel,2940.3,3.53,Good,
358,60,600,15,94.87,2431.72,0.618,0.613,AISI 1010 carbon steel,2730.3,3.19,Good,
358,60,600,15,94.79,3059.43,0.618,0.613,AISI 1010 carbon steel,2730.3,3.19,Good,
358,60,600,15,94.72,3926.55,0.618,0.613,AISI 1010 carbon steel,2730.3,3.19,Good,
358,60,600,15,94.68,3677.28,0.618,0.613,AISI 1010 carbon steel,2730.3,3.19,Good,
358,60,600,15,94.68,3385.54,0.618,0.613,AISI 1010 carbon steel,2730.3,3.19,Good,
358,60,600,15,94.66,3482.71,0.618,0.613,AISI 1010 carbon steel,2730.3,3.19,Good,
358,60,600,15,94.64,4211.05,0.618,0.613,AISI 1010 carbon steel,2730.3,3.19,Good,
361,60,600,15,94.25,2228.74,0.62,0.615,AISI 1010 carbon steel,2611.3,3.26,Good,
361,60,600,15,94.27,3415.38,0.62,0.615,AISI 1010 carbon steel,2611.3,3.26,Good,
361,60,600,15,94.28,3537.1,0.62,0.615,AISI 1010 carbon steel,2611.3,3.26,Good,
361,60,600,15,94.3,3472.32,0.62,0.615,AISI 1010 carbon steel,2611.3,3.26,Good,
361,60,600,15,94.34,3729.76,0.62,0.615,AISI 1010 carbon steel,2611.3,3.26,Good,
361,60,600,15,94.58,4434.65,0.62,0.615,AISI 1010 carbon steel,2611.3,3.26,Good,
361,60,600,15,94.74,3834.81,0.62,0.615,AISI 1010 carbon steel,2611.3,3.26,Good,
362,60,600,15,94.78,2233.36,0.637,0.633,AISI 1010 carbon steel,2840.4,3.58,Good,
362,60,600,15,94.82,3362.09,0.637,0.633,AISI 1010 carbon steel,2840.4,3.58,Good,
362,60,600,15,94.85,3992.58,0.637,0.633,AISI 1010 carbon steel,2840.4,3.58,Good,
362,60,600,15,94.91,4013.2,0.637,0.633,AISI 1010 carbon steel,2840.4,3.58,Good,
362,60,600,15,94.99,3473.8,0.637,0.633,AISI 1010 carbon steel,2840.4,3.58,Good,
362,60,600,15,95.0,3599.28,0.637,0.633,AISI 1010 carbon steel,2840.4,3.58,Good,
362,60,600,15,94.99,4235.89,0.637,0.633,AISI 1010 carbon steel,2840.4,3.58,Good,
367,60,600,15,94.99,2748.47,0.625,0.639,AISI 1010 carbon steel,3080.2,3.42,Good,
367,60,600,15,94.94,3060.55,0.625,0.639,AISI 1010 carbon steel,3080.2,3.42,Good,
367,60,600,15,94.88,4125.22,0.625,0.639,AISI 1010 carbon steel,3080.2,3.42,Good,
367,60,600,15,94.83,3810.06,0.625,0.639,AISI 1010 carbon steel,3080.2,3.42,Good,
367,60,600,15,94.82,3541.96,0.625,0.639,AISI 1010 carbon steel,3080.2,3.42,Good,
367,60,600,15,94.79,3743.11,0.625,0.639,AISI 1010 carbon steel,3080.2,3.42,Good,
367,60,600,15,94.74,4493.22,0.625,0.639,AISI 1010 carbon steel,3080.2,3.42,Good,
368,60,600,15,94.69,2571.97,0.618,0.615,AISI 1010 carbon steel,3104.2,3.64,Explode,
368,60,600,15,94.64,3089.08,0.618,0.615,AISI 1010 carbon steel,3104.2,3.64,Explode,
368,60,600,15,94.59,3423.43,0.618,0.615,AISI 1010 carbon steel,3104.2,3.64,Explode,
368,60,600,15,94.59,3950.14,0.618,0.615,AISI 1010 carbon steel,3104.2,3.64,Explode,
368,60,600,15,94.63,4345.32,0.618,0.615,AISI 1010 carbon steel,3104.2,3.64,Explode,
368,60,600,15,94.67,3710.81,0.618,0.615,AISI 1010 carbon steel,3104.2,3.64,Explode,
368,60,600,15,94.68,3650.53,0.618,0.615,AISI 1010 carbon steel,3104.2,3.64,Explode,
369,60,600,15,94.67,3206.55,0.613,0.624,AISI 1010 carbon steel,2857.1,3.63,Explode,
369,60,600,15,94.65,3266.08,0.613,0.624,AISI 1010 carbon steel,2857.1,3.63,Explode,
369,60,600,15,94.63,4258.57,0.613,0.624,AISI 1010 carbon steel,2857.1,3.63,Explode,
369,60,600,15,94.6,4163.81,0.613,0.624,AISI 1010 carbon steel,2857.1,3.63,Explode,
369,60,600,15,94.6,3742.65,0.613,0.624,AISI 1010 carbon steel,2857.1,3.63,Explode,
369,60,600,15,94.58,3832.57,0.613,0.624,AISI 1010 carbon steel,2857.1,3.63,Explode,
369,60,600,15,94.57,4585.3,0.613,0.624,AISI 1010 carbon steel,2857.1,3.63,Explode,
370,60,600,15,94.56,2982.56,0.625,0.624,AISI 1010 carbon steel,2976.2,3.43,Good,
370,60,600,15,94.54,4118.54,0.625,0.624,AISI 1010 carbon steel,2976.2,3.43,Good,
370,60,600,15,94.52,3907.67,0.625,0.624,AISI 1010 carbon steel,2976.2,3.43,Good,
370,60,600,15,94.51,3821.33,0.625,0.624,AISI 1010 carbon steel,2976.2,3.43,Good,
370,60,600,15,94.49,4224.5,0.625,0.624,AISI 1010 carbon steel,2976.2,3.43,Good,
370,60,600,15,94.44,4835.78,0.625,0.624,AISI 1010 carbon steel,2976.2,3.43,Good,
370,60,600,15,94.39,4167.94,0.625,0.624,AISI 1010 carbon steel,2976.2,3.43,Good,
371,60,600,15,94.31,2663.3,0.621,0.631,AISI 1010 carbon steel,2979.2,3.37,Explode,
371,60,600,15,94.18,3316.25,0.621,0.631,AISI 1010 carbon steel,2979.2,3.37,Explode,
371,60,600,15,94.06,3666.98,0.621,0.631,AISI 1010 carbon steel,2979.2,3.37,Explode,
371,60,600,15,93.95,4436.2,0.621,0.631,AISI 1010 carbon steel,2979.2,3.37,Explode,
371,60,600,15,93.85,4065.58,0.621,0.631,AISI 1010 carbon steel,2979.2,3.37,Explode,
371,60,600,15,93.75,3693.62,0.621,0.631,AISI 1010 carbon steel,2979.2,3.37,Explode,
371,60,600,15,93.65,3787.88,0.621,0.631,AISI 1010 carbon steel,2979.2,3.37,Explode,
373,60,600,15,93.19,2960.57,0.614,0.623,AISI 1010 carbon steel,1726.1,3.57,Explode,
373,60,600,15,93.15,3710.34,0.614,0.623,AISI 1010 carbon steel,1726.1,3.57,Explode,
373,60,600,15,93.13,3311.58,0.614,0.623,AISI 1010 carbon steel,1726.1,3.57,Explode,
373,60,600,15,93.12,3376.38,0.614,0.623,AISI 1010 carbon steel,1726.1,3.57,Explode,
373,60,600,15,93.14,3699.2,0.614,0.623,AISI 1010 carbon steel,1726.1,3.57,Explode,
373,60,600,15,93.16,3653.82,0.614,0.623,AISI 1010 carbon steel,1726.1,3.57,Explode,
373,60,600,15,93.17,3103.52,0.614,0.623,AISI 1010 carbon steel,1726.1,3.57,Explode,
374,60,600,15,93.21,2659.42,0.622,0.613,AISI 1010 carbon steel,3097.6,3.43,Explode,
374,60,600,15,93.26,4056.68,0.622,0.613,AISI 1010 carbon steel,3097.6,3.43,Explode,
374,60,600,15,93.32,3959.27,0.622,0.613,AISI 1010 carbon steel,3097.6,3.43,Explode,
374,60,600,15,93.37,3637.78,0.622,0.613,AISI 1010 carbon steel,3097.6,3.43,Explode,
374,60,600,15,93.42,3746.79,0.622,0.613,AISI 1010 carbon steel,3097.6,3.43,Explode,
374,60,600,15,93.49,4555.57,0.622,0.613,AISI 1010 carbon steel,3097.6,3.43,Explode,
374,60,600,15,93.57,4234.67,0.622,0.613,AISI 1010 carbon steel,3097.6,3.43,Explode,
375,60,600,15,93.58,3417.4,0.625,0.629,AISI 1010 carbon steel,3152.0,3.35,Good,
375,60,600,15,93.59,3897.09,0.625,0.629,AISI 1010 carbon steel,3152.0,3.35,Good,
375,60,600,15,93.62,4581.54,0.625,0.629,AISI 1010 carbon steel,3152.0,3.35,Good,
375,60,600,15,93.67,3897.98,0.625,0.629,AISI 1010 carbon steel,3152.0,3.35,Good,
375,60,600,15,93.75,3669.79,0.625,0.629,AISI 1010 carbon steel,3152.0,3.35,Good,
375,60,600,15,93.83,3926.55,0.625,0.629,AISI 1010 carbon steel,3152.0,3.35,Good,
375,60,600,15,93.91,4658.6,0.625,0.629,AISI 1010 carbon steel,3152.0,3.35,Good,
379,60,600,15,94.98,2367.93,0.625,0.618,AISI 1010 carbon steel,3140.0,3.93,Good,
379,60,600,15,94.99,3277.64,0.625,0.618,AISI 1010 carbon steel,3140.0,3.93,Good,
379,60,600,15,95.01,3761.9,0.625,0.618,AISI 1010 carbon steel,3140.0,3.93,Good,
379,60,600,15,95.06,3542.93,0.625,0.618,AISI 1010 carbon steel,3140.0,3.93,Good,
379,60,600,15,95.03,3658.53,0.625,0.618,AISI 1010 carbon steel,3140.0,3.93,Good,
379,60,600,15,95.0,4366.25,0.625,0.618,AISI 1010 carbon steel,3140.0,3.93,Good,
379,60,600,15,94.96,4176.6,0.625,0.618,AISI 1010 carbon steel,3140.0,3.93,Good,
381,60,600,15,95.0,2363.57,0.621,0.622,AISI 1010 carbon steel,3107.7,3.58,Good,
381,60,600,15,94.91,2949.51,0.621,0.622,AISI 1010 carbon steel,3107.7,3.58,Good,
381,60,600,15,94.82,3232.73,0.621,0.622,AISI 1010 carbon steel,3107.7,3.58,Good,
381,60,600,15,94.75,4006.77,0.621,0.622,AISI 1010 carbon steel,3107.7,3.58,Good,
381,60,600,15,94.7,3663.69,0.621,0.622,AISI 1010 carbon steel,3107.7,3.58,Good,
381,60,600,15,94.79,3367.71,0.621,0.622,AISI 1010 carbon steel,3107.7,3.58,Good,
384,60,600,15,95.59,1854.71,0.636,0.616,AISI 1010 carbon steel,3160.4,3.41,Good,
384,60,600,15,95.6,2987.75,0.636,0.616,AISI 1010 carbon steel,3160.4,3.41,Good,
384,60,600,15,95.63,3674.48,0.636,0.616,AISI 1010 carbon steel,3160.4,3.41,Good,
384,60,600,15,95.68,3834.81,0.636,0.616,AISI 1010 carbon steel,3160.4,3.41,Good,
384,60,600,15,95.65,3298.57,0.636,0.616,AISI 1010 carbon steel,3160.4,3.41,Good,
384,60,600,15,95.61,3330.22,0.636,0.616,AISI 1010 carbon steel,3160.4,3.41,Good,
385,60,600,15,95.52,2197.65,0.619,0.623,AISI 1010 carbon steel,3131.7,3.47,Explode,
385,60,600,15,95.35,3072.89,0.619,0.623,AISI 1010 carbon steel,3131.7,3.47,Explode,
385,60,600,15,95.19,3460.91,0.619,0.623,AISI 1010 carbon steel,3131.7,3.47,Explode,
385,60,600,15,95.06,4116.03,0.619,0.623,AISI 1010 carbon steel,3131.7,3.47,Explode,
385,60,600,15,94.97,3558.43,0.619,0.623,AISI 1010 carbon steel,3131.7,3.47,Explode,
385,60,600,15,94.93,3454.44,0.619,0.623,AISI 1010 carbon steel,3131.7,3.47,Explode,
386,60,600,15,95.48,2511.06,0.625,0.617,AISI 1010 carbon steel,2855.3,3.81,Good,
386,60,600,15,95.19,3324.54,0.625,0.617,AISI 1010 carbon steel,2855.3,3.81,Good,
386,60,600,15,95.47,3246.0,0.625,0.617,AISI 1010 carbon steel,2855.3,3.81,Good,
386,60,600,15,95.06,3438.97,0.625,0.617,AISI 1010 carbon steel,2855.3,3.81,Good,
386,60,600,15,95.35,4162.57,0.625,0.617,AISI 1010 carbon steel,2855.3,3.81,Good,
386,60,600,15,95.36,3938.8,0.625,0.617,AISI 1010 carbon steel,2855.3,3.81,Good,
386,60,600,15,95.14,3497.49,0.625,0.617,AISI 1010 carbon steel,2855.3,3.81,Good,
389,60,400,15,95.09,2442.31,0.635,0.624,AISI 1010 carbon steel,2936.7,3.51,Good,
389,60,400,15,95.02,2901.3,0.635,0.624,AISI 1010 carbon steel,2936.7,3.51,Good,
389,60,400,15,95.24,3848.69,0.635,0.624,AISI 1010 carbon steel,2936.7,3.51,Good,
389,60,400,15,95.37,3732.53,0.635,0.624,AISI 1010 carbon steel,2936.7,3.51,Good,
389,60,400,15,95.21,3355.95,0.635,0.624,AISI 1010 carbon steel,2936.7,3.51,Good,
390,60,400,15,95.2,2885.25,0.626,0.62,AISI 1010 carbon steel,2961.2,3.48,Good,
390,60,400,15,95.08,3503.88,0.626,0.62,AISI 1010 carbon steel,2961.2,3.48,Good,
390,60,400,15,95.12,3172.04,0.626,0.62,AISI 1010 carbon steel,2961.2,3.48,Good,
390,60,400,15,95.15,3342.08,0.626,0.62,AISI 1010 carbon steel,2961.2,3.48,Good,
390,60,400,15,95.18,3963.18,0.626,0.62,AISI 1010 carbon steel,2961.2,3.48,Good,
391,60,400,15,95.18,3003.25,0.619,0.647,AISI 1010 carbon steel,2957.0,3.62,Explode,
391,60,400,15,95.15,4038.41,0.619,0.647,AISI 1010 carbon steel,2957.0,3.62,Explode,
391,60,400,15,95.15,3583.96,0.619,0.647,AISI 1010 carbon steel,2957.0,3.62,Explode,
391,60,400,15,95.18,3475.79,0.619,0.647,AISI 1010 carbon steel,2957.0,3.62,Explode,
391,60,400,15,95.19,3868.3,0.619,0.647,AISI 1010 carbon steel,2957.0,3.62,Explode,
392,60,400,15,95.18,2590.62,0.632,0.622,AISI 1010 carbon steel,3040.2,3.31,Good,
392,60,400,15,95.18,3164.44,0.632,0.622,AISI 1010 carbon steel,3040.2,3.31,Good,
392,60,400,15,95.18,3841.53,0.632,0.622,AISI 1010 carbon steel,3040.2,3.31,Good,
392,60,400,15,95.25,4134.79,0.632,0.622,AISI 1010 carbon steel,3040.2,3.31,Good,
394,60,400,15,95.38,2597.25,0.626,0.622,AISI 1010 carbon steel,2672.3,3.36,Good,
394,60,400,15,95.41,2788.24,0.626,0.622,AISI 1010 carbon steel,2672.3,3.36,Good,
394,60,400,15,95.43,3769.21,0.626,0.622,AISI 1010 carbon steel,2672.3,3.36,Good,
394,60,400,15,95.47,3774.68,0.626,0.622,AISI 1010 carbon steel,2672.3,3.36,Good,
394,60,400,15,95.52,3320.39,0.626,0.622,AISI 1010 carbon steel,2672.3,3.36,Good,
396,60,400,15,95.44,2857.09,0.626,0.616,AISI 1010 carbon steel,2830.2,3.52,Good,
396,60,400,15,95.38,3294.91,0.626,0.616,AISI 1010 carbon steel,2830.2,3.52,Good,
396,60,400,15,95.36,3671.2,0.626,0.616,AISI 1010 carbon steel,2830.2,3.52,Good,
396,60,400,15,95.4,4215.54,0.626,0.616,AISI 1010 carbon steel,2830.2,3.52,Good,
397,60,400,15,95.37,2456.35,0.621,0.622,AISI 1010 carbon steel,3049.1,3.12,Good,
397,60,400,15,94.71,2713.2,0.621,0.622,AISI 1010 carbon steel,3049.1,3.12,Good,
397,60,400,15,95.34,3041.38,0.621,0.622,AISI 1010 carbon steel,3049.1,3.12,Good,
397,60,400,15,95.04,3112.93,0.621,0.622,AISI 1010 carbon steel,3049.1,3.12,Good,
398,60,400,15,95.12,2348.97,0.633,0.619,AISI 1010 carbon steel,3079.6,3.25,Good,
398,60,400,15,95.06,3147.54,0.633,0.619,AISI 1010 carbon steel,3079.6,3.25,Good,
398,60,400,15,94.86,3097.97,0.633,0.619,AISI 1010 carbon steel,3079.6,3.25,Good,
398,60,400,15,94.89,3350.82,0.633,0.619,AISI 1010 carbon steel,3079.6,3.25,Good,
399,60,400,15,94.8,3117.9,0.617,0.624,AISI 1010 carbon steel,2870.9,3.48,Good,
399,60,400,15,94.8,3530.77,0.617,0.624,AISI 1010 carbon steel,2870.9,3.48,Good,
399,60,400,15,95.2,3627.84,0.617,0.624,AISI 1010 carbon steel,2870.9,3.48,Good,
399,60,400,15,94.83,3905.47,0.617,0.624,AISI 1010 carbon steel,2870.9,3.48,Good,
401,60,400,15,94.99,2980.83,0.618,0.62,AISI 1010 carbon steel,2933.7,3.07,Explode,
401,60,400,15,95.0,3163.35,0.618,0.62,AISI 1010 carbon steel,2933.7,3.07,Explode,
401,60,400,15,95.2,3174.75,0.618,0.62,AISI 1010 carbon steel,2933.7,3.07,Explode,
401,60,400,15,95.19,3363.62,0.618,0.62,AISI 1010 carbon steel,2933.7,3.07,Explode,
401,60,400,15,94.75,3353.38,0.618,0.62,AISI 1010 carbon steel,2933.7,3.07,Explode,
401,60,400,15,94.55,3516.13,0.618,0.62,AISI 1010 carbon steel,2933.7,3.07,Explode,
401,60,400,15,94.5,3474.79,0.618,0.62,AISI 1010 carbon steel,2933.7,3.07,Explode,
401,60,400,15,94.71,3692.22,0.618,0.62,AISI 1010 carbon steel,2933.7,3.07,Explode,
401,60,400,15,94.82,3562.3,0.618,0.62,AISI 1010 carbon steel,2933.7,3.07,Explode,
401,60,400,15,94.98,3746.33,0.618,0.62,AISI 1010 carbon steel,2933.7,3.07,Explode,
401,60,400,15,94.77,3656.65,0.618,0.62,AISI 1010 carbon steel,2933.7,3.07,Explode,
401,60,400,15,94.83,3890.03,0.618,0.62,AISI 1010 carbon steel,2933.7,3.07,Explode,
401,60,400,15,94.58,3705.71,0.618,0.62,AISI 1010 carbon steel,2933.7,3.07,Explode,
401,60,400,15,94.57,3775.6,0.618,0.62,AISI 1010 carbon steel,2933.7,3.07,Explode,
401,60,400,15,94.53,3729.76,0.618,0.62,AISI 1010 carbon steel,2933.7,3.07,Explode,
401,60,400,15,94.41,3823.58,0.618,0.62,AISI 1010 carbon steel,2933.7,3.07,Explode,
402,60,400,15,95.11,1673.35,0.617,0.62,AISI 1010 carbon steel,3143.0,4.01,Good,
402,60,400,15,94.67,2530.16,0.617,0.62,AISI 1010 carbon steel,3143.0,4.01,Good,
402,60,400,15,94.78,3204.41,0.617,0.62,AISI 1010 carbon steel,3143.0,4.01,Good,
402,60,400,15,95.18,3384.52,0.617,0.62,AISI 1010 carbon steel,3143.0,4.01,Good,
403,60,400,15,94.82,1129.7,0.622,0.627,AISI 1010 carbon steel,3028.8,3.75,Good,
403,60,400,15,94.47,1758.55,0.622,0.627,AISI 1010 carbon steel,3028.8,3.75,Good,
403,60,400,15,94.93,2744.09,0.622,0.627,AISI 1010 carbon steel,3028.8,3.75,Good,
403,60,400,15,95.0,2801.78,0.622,0.627,AISI 1010 carbon steel,3028.8,3.75,Good,
403,60,400,15,95.08,3365.16,0.622,0.627,AISI 1010 carbon steel,3028.8,3.75,Good,
404,60,400,15,94.64,1307.54,0.628,0.613,AISI 1010 carbon steel,3030.6,3.26,Good,
404,60,400,15,94.8,2488.35,0.628,0.613,AISI 1010 carbon steel,3030.6,3.26,Good,
404,60,400,15,95.01,2857.09,0.628,0.613,AISI 1010 carbon steel,3030.6,3.26,Good,
404,60,400,15,94.68,3472.81,0.628,0.613,AISI 1010 carbon steel,3030.6,3.26,Good,
404,60,400,15,94.53,3392.65,0.628,0.613,AISI 1010 carbon steel,3030.6,3.26,Good,
407,60,400,15,94.77,1614.77,0.624,0.628,AISI 1010 carbon steel,2927.1,3.65,Good,
407,60,400,15,94.78,2493.88,0.624,0.628,AISI 1010 carbon steel,2927.1,3.65,Good,
407,60,400,15,94.83,2908.4,0.624,0.628,AISI 1010 carbon steel,2927.1,3.65,Good,
407,60,400,15,94.87,2937.24,0.624,0.628,AISI 1010 carbon steel,2927.1,3.65,Good,
407,60,400,15,94.9,3500.93,0.624,0.628,AISI 1010 carbon steel,2927.1,3.65,Good,
408,60,400,15,94.88,1411.29,0.628,0.627,AISI 1010 carbon steel,2906.8,3.63,Good,
408,60,400,15,94.86,1831.38,0.628,0.627,AISI 1010 carbon steel,2906.8,3.63,Good,
408,60,400,15,94.83,2923.15,0.628,0.627,AISI 1010 carbon steel,2906.8,3.63,Good,
408,60,400,15,94.81,2977.37,0.628,0.627,AISI 1010 carbon steel,2906.8,3.63,Good,
408,60,400,15,94.81,2976.79,0.628,0.627,AISI 1010 carbon steel,2906.8,3.63,Good,
409,60,400,15,94.86,1112.82,0.622,0.628,AISI 1010 carbon steel,2817.7,3.16,Good,
409,60,400,15,94.92,2237.98,0.622,0.628,AISI 1010 carbon steel,2817.7,3.16,Good,
409,60,400,15,94.99,2624.92,0.622,0.628,AISI 1010 carbon steel,2817.7,3.16,Good,
409,60,400,15,95.05,3197.96,0.622,0.628,AISI 1010 carbon steel,2817.7,3.16,Good,
409,60,400,15,95.08,2991.2,0.622,0.628,AISI 1010 carbon steel,2817.7,3.16,Good,
410,60,400,15,95.09,1324.53,0.634,0.623,AISI 1010 carbon steel,3015.0,3.94,Good,
410,60,400,15,95.09,1634.88,0.634,0.623,AISI 1010 carbon steel,3015.0,3.94,Good,
410,60,400,15,95.09,2573.3,0.634,0.623,AISI 1010 carbon steel,3015.0,3.94,Good,
410,60,400,15,95.09,2863.71,0.634,0.623,AISI 1010 carbon steel,3015.0,3.94,Good,
410,60,400,15,95.08,3176.92,0.634,0.623,AISI 1010 carbon steel,3015.0,3.94,Good,
411,60,400,15,95.09,1146.32,0.625,0.63,AISI 1010 carbon steel,3111.9,4.05,Good,
411,60,400,15,95.11,2316.53,0.625,0.63,AISI 1010 carbon steel,3111.9,4.05,Good,
411,60,400,15,95.14,3051.54,0.625,0.63,AISI 1010 carbon steel,3111.9,4.05,Good,
411,60,400,15,95.19,2984.87,0.625,0.63,AISI 1010 carbon steel,3111.9,4.05,Good,
411,60,400,15,95.25,3013.54,0.625,0.63,AISI 1010 carbon steel,3111.9,4.05,Good,
412,60,400,15,95.31,1129.7,0.627,0.623,AISI 1010 carbon steel,2797.9,3.28,Good,
412,60,400,15,95.37,1930.14,0.627,0.623,AISI 1010 carbon steel,2797.9,3.28,Good,
412,60,400,15,95.41,2920.21,0.627,0.623,AISI 1010 carbon steel,2797.9,3.28,Good,
412,60,400,15,95.42,2909.0,0.627,0.623,AISI 1010 carbon steel,2797.9,3.28,Good,
412,60,400,15,95.42,2958.83,0.627,0.623,AISI 1010 carbon steel,2797.9,3.28,Good,
416,60,400,15,95.86,1973.33,0.633,0.629,AISI 1010 carbon steel,2863.7,3.44,Good,
416,60,400,15,95.88,2639.3,0.633,0.629,AISI 1010 carbon steel,2863.7,3.44,Good,
416,60,400,15,95.87,3419.91,0.633,0.629,AISI 1010 carbon steel,2863.7,3.44,Good,
416,60,400,15,95.86,2936.65,0.633,0.629,AISI 1010 carbon steel,2863.7,3.44,Good,
417,60,400,15,95.86,2131.7,0.62,0.628,AISI 1010 carbon steel,2905.0,3.78,Good,
417,60,400,15,95.86,2641.9,0.62,0.628,AISI 1010 carbon steel,2905.0,3.78,Good,
417,60,400,15,95.85,2966.95,0.62,0.628,AISI 1010 carbon steel,2905.0,3.78,Good,
417,60,400,15,95.86,3253.94,0.62,0.628,AISI 1010 carbon steel,2905.0,3.78,Good,
418,60,400,15,95.87,1336.16,0.636,0.623,AISI 1010 carbon steel,2846.4,3.4,Good,
418,60,400,15,95.87,1974.2,0.636,0.623,AISI 1010 carbon steel,2846.4,3.4,Good,
418,60,400,15,95.87,2507.63,0.636,0.623,AISI 1010 carbon steel,2846.4,3.4,Good,
418,60,400,15,95.88,2815.86,0.636,0.623,AISI 1010 carbon steel,2846.4,3.4,Good,
418,60,400,15,95.88,3014.11,0.636,0.623,AISI 1010 carbon steel,2846.4,3.4,Good,
420,60,400,15,95.69,1489.55,0.635,0.621,AISI 1010 carbon steel,2756.1,3.69,Good,
420,60,400,15,95.74,2332.07,0.635,0.621,AISI 1010 carbon steel,2756.1,3.69,Good,
420,60,400,15,95.75,2634.08,0.635,0.621,AISI 1010 carbon steel,2756.1,3.69,Good,
420,60,400,15,95.75,3284.98,0.635,0.621,AISI 1010 carbon steel,2756.1,3.69,Good,
420,60,400,15,95.75,3145.9,0.635,0.621,AISI 1010 carbon steel,2756.1,3.69,Good,
425,60,400,15,96.03,1327.12,0.623,0.625,AISI 1010 carbon steel,3070.1,3.62,Explode,
425,60,400,15,96.11,2480.74,0.623,0.625,AISI 1010 carbon steel,3070.1,3.62,Explode,
425,60,400,15,96.15,2763.45,0.623,0.625,AISI 1010 carbon steel,3070.1,3.62,Explode,
425,60,400,15,96.17,3379.95,0.623,0.625,AISI 1010 carbon steel,3070.1,3.62,Explode,
425,60,400,15,96.2,3226.87,0.623,0.625,AISI 1010 carbon steel,3070.1,3.62,Explode,
426,60,400,15,96.2,1678.49,0.634,0.617,AISI 1010 carbon steel,2955.8,3.42,Good,
426,60,400,15,96.21,1938.15,0.634,0.617,AISI 1010 carbon steel,2955.8,3.42,Good,
426,60,400,15,96.21,2601.89,0.634,0.617,AISI 1010 carbon steel,2955.8,3.42,Good,
426,60,400,15,96.22,2943.09,0.634,0.617,AISI 1010 carbon steel,2955.8,3.42,Good,
426,60,400,15,96.24,3444.47,0.634,0.617,AISI 1010 carbon steel,2955.8,3.42,Good,
427,60,400,15,96.23,1630.67,0.63,0.623,AISI 1010 carbon steel,2800.3,3.59,Good,
427,60,400,15,96.2,2427.47,0.63,0.623,AISI 1010 carbon steel,2800.3,3.59,Good,
427,60,400,15,96.21,2684.53,0.63,0.623,AISI 1010 carbon steel,2800.3,3.59,Good,
427,60,400,15,96.23,2886.44,0.63,0.623,AISI 1010 carbon steel,2800.3,3.59,Good,
427,60,400,15,96.24,3211.38,0.63,0.623,AISI 1010 carbon steel,2800.3,3.59,Good,
430,60,400,15,96.09,1312.79,0.61,0.644,AISI 1010 carbon steel,2766.2,3.29,Good,
430,60,400,15,96.08,2724.59,0.61,0.644,AISI 1010 carbon steel,2766.2,3.29,Good,
430,60,400,15,96.09,3541.96,0.61,0.644,AISI 1010 carbon steel,2766.2,3.29,Good,
430,60,400,15,96.05,3091.3,0.61,0.644,AISI 1010 carbon steel,2766.2,3.29,Good,
431,60,400,15,95.99,1450.95,0.62,0.61,AISI 1010 carbon steel,2748.3,3.1,Good,
431,60,400,15,95.93,2153.38,0.62,0.61,AISI 1010 carbon steel,2748.3,3.1,Good,
431,60,400,15,95.87,2722.7,0.62,0.61,AISI 1010 carbon steel,2748.3,3.1,Good,
431,60,400,15,95.82,3340.02,0.62,0.61,AISI 1010 carbon steel,2748.3,3.1,Good,
431,60,400,15,95.8,3319.36,0.62,0.61,AISI 1010 carbon steel,2748.3,3.1,Good,
436,60,1200,15,95.0,1642.23,0.632,0.627,AISI 1010 carbon steel,3266.8,3.8,Good,
436,60,1200,15,95.1,2277.59,0.632,0.627,AISI 1010 carbon steel,3266.8,3.8,Good,
436,60,1200,15,95.35,2414.68,0.632,0.627,AISI 1010 carbon steel,3266.8,3.8,Good,
436,60,1200,15,95.26,2821.96,0.632,0.627,AISI 1010 carbon steel,3266.8,3.8,Good,
436,60,1200,15,95.23,2947.18,0.632,0.627,AISI 1010 carbon steel,3266.8,3.8,Good,
436,60,1200,15,94.94,3433.47,0.632,0.627,AISI 1010 carbon steel,3266.8,3.8,Good,
436,60,1200,15,94.79,2901.3,0.632,0.627,AISI 1010 carbon steel,3266.8,3.8,Good,
436,60,1200,15,94.86,3074.57,0.632,0.627,AISI 1010 carbon steel,3266.8,3.8,Good,
436,60,1200,15,95.12,2941.34,0.632,0.627,AISI 1010 carbon steel,3266.8,3.8,Good,
436,60,1200,15,94.59,3536.13,0.632,0.627,AISI 1010 carbon steel,3266.8,3.8,Good,
436,60,1200,15,95.19,3081.83,0.632,0.627,AISI 1010 carbon steel,3266.8,3.8,Good,
436,60,1200,15,95.25,3146.45,0.632,0.627,AISI 1010 carbon steel,3266.8,3.8,Good,
436,60,1200,15,94.56,2992.93,0.632,0.627,AISI 1010 carbon steel,3266.8,3.8,Good,
438,60,1200,15,94.98,1094.12,0.628,0.63,AISI 1010 carbon steel,3250.1,3.7,Good,
438,60,1200,15,94.91,2580.65,0.628,0.63,AISI 1010 carbon steel,3250.1,3.7,Good,
438,60,1200,15,94.85,2826.83,0.628,0.63,AISI 1010 carbon steel,3250.1,3.7,Good,
438,60,1200,15,94.8,3218.87,0.628,0.63,AISI 1010 carbon steel,3250.1,3.7,Good,
438,60,1200,15,94.78,3436.97,0.628,0.63,AISI 1010 carbon steel,3250.1,3.7,Good,
438,60,1200,15,94.8,2935.48,0.628,0.63,AISI 1010 carbon steel,3250.1,3.7,Good,
438,60,1200,15,94.81,3072.89,0.628,0.63,AISI 1010 carbon steel,3250.1,3.7,Good,
438,60,1200,15,94.8,3105.74,0.628,0.63,AISI 1010 carbon steel,3250.1,3.7,Good,
438,60,1200,15,94.79,3628.79,0.628,0.63,AISI 1010 carbon steel,3250.1,3.7,Good,
438,60,1200,15,94.77,3041.38,0.628,0.63,AISI 1010 carbon steel,3250.1,3.7,Good,
438,60,1200,15,94.73,3163.35,0.628,0.63,AISI 1010 carbon steel,3250.1,3.7,Good,
438,60,1200,15,94.71,3035.15,0.628,0.63,AISI 1010 carbon steel,3250.1,3.7,Good,
440,60,1200,15,94.76,1593.32,0.631,0.632,AISI 1010 carbon steel,3222.6,3.81,Good,
440,60,1200,15,94.85,2260.92,0.631,0.632,AISI 1010 carbon steel,3222.6,3.81,Good,
440,60,1200,15,94.87,3188.8,0.631,0.632,AISI 1010 carbon steel,3222.6,3.81,Good,
440,60,1200,15,94.89,3249.71,0.631,0.632,AISI 1010 carbon steel,3222.6,3.81,Good,
440,60,1200,15,94.94,2867.91,0.631,0.632,AISI 1010 carbon steel,3222.6,3.81,Good,
440,60,1200,15,94.99,2958.83,0.631,0.632,AISI 1010 carbon steel,3222.6,3.81,Good,
440,60,1200,15,94.99,3165.53,0.631,0.632,AISI 1010 carbon steel,3222.6,3.81,Good,
440,60,1200,15,95.0,3554.08,0.631,0.632,AISI 1010 carbon steel,3222.6,3.81,Good,
440,60,1200,15,95.03,2976.21,0.631,0.632,AISI 1010 carbon steel,3222.6,3.81,Good,
440,60,1200,15,95.06,3092.42,0.631,0.632,AISI 1010 carbon steel,3222.6,3.81,Good,
440,60,1200,15,95.06,3078.48,0.631,0.632,AISI 1010 carbon steel,3222.6,3.81,Good,
440,60,1200,15,95.05,3647.7,0.631,0.632,AISI 1010 carbon steel,3222.6,3.81,Good,
440,60,1200,15,95.04,3106.84,0.631,0.632,AISI 1010 carbon steel,3222.6,3.81,Good,
441,60,1200,15,95.03,1860.26,0.618,0.618,AISI 1010 carbon steel,3156.2,3.88,Good,
441,60,1200,15,95.02,2141.36,0.618,0.618,AISI 1010 carbon steel,3156.2,3.88,Good,
441,60,1200,15,95.03,2786.39,0.618,0.618,AISI 1010 carbon steel,3156.2,3.88,Good,
441,60,1200,15,95.05,2922.56,0.618,0.618,AISI 1010 carbon steel,3156.2,3.88,Good,
441,60,1200,15,95.07,3405.3,0.618,0.618,AISI 1010 carbon steel,3156.2,3.88,Good,
441,60,1200,15,95.01,3624.04,0.618,0.618,AISI 1010 carbon steel,3156.2,3.88,Good,
441,60,1200,15,94.99,3052.11,0.618,0.618,AISI 1010 carbon steel,3156.2,3.88,Good,
441,60,1200,15,95.0,3128.91,0.618,0.618,AISI 1010 carbon steel,3156.2,3.88,Good,
441,60,1200,15,95.0,3346.71,0.618,0.618,AISI 1010 carbon steel,3156.2,3.88,Good,
441,60,1200,15,94.97,3776.51,0.618,0.618,AISI 1010 carbon steel,3156.2,3.88,Good,
441,60,1200,15,94.94,3148.09,0.618,0.618,AISI 1010 carbon steel,3156.2,3.88,Good,
441,60,1200,15,94.92,3192.04,0.618,0.618,AISI 1010 carbon steel,3156.2,3.88,Good,
441,60,1200,15,94.89,3229.54,0.618,0.618,AISI 1010 carbon steel,3156.2,3.88,Good,
445,60,1200,15,95.2,2232.59,0.617,0.622,AISI 1010 carbon steel,2983.9,3.45,Good,
445,60,1200,15,95.27,2783.92,0.617,0.622,AISI 1010 carbon steel,2983.9,3.45,Good,
445,60,1200,15,95.34,3067.85,0.617,0.622,AISI 1010 carbon steel,2983.9,3.45,Good,
445,60,1200,15,95.38,3784.24,0.617,0.622,AISI 1010 carbon steel,2983.9,3.45,Good,
445,60,1200,15,95.43,3592.11,0.617,0.622,AISI 1010 carbon steel,2983.9,3.45,Good,
445,60,1200,15,95.45,3190.96,0.617,0.622,AISI 1010 carbon steel,2983.9,3.45,Good,
445,60,1200,15,95.47,3239.11,0.617,0.622,AISI 1010 carbon steel,2983.9,3.45,Good,
445,60,1200,15,95.45,3734.83,0.617,0.622,AISI 1010 carbon steel,2983.9,3.45,Good,
445,60,1200,15,95.4,3847.35,0.617,0.622,AISI 1010 carbon steel,2983.9,3.45,Good,
445,60,1200,15,95.37,3250.24,0.617,0.622,AISI 1010 carbon steel,2983.9,3.45,Good,
445,60,1200,15,95.35,3267.66,0.617,0.622,AISI 1010 carbon steel,2983.9,3.45,Good,
445,60,1200,15,95.33,3543.9,0.617,0.622,AISI 1010 carbon steel,2983.9,3.45,Good,
446,60,1200,15,95.34,2987.17,0.616,0.614,AISI 1010 carbon steel,3174.7,3.51,Good,
446,60,1200,15,95.34,3023.8,0.616,0.614,AISI 1010 carbon steel,3174.7,3.51,Good,
446,60,1200,15,95.35,3826.73,0.616,0.614,AISI 1010 carbon steel,3174.7,3.51,Good,
446,60,1200,15,95.37,3582.52,0.616,0.614,AISI 1010 carbon steel,3174.7,3.51,Good,
446,60,1200,15,95.4,3261.33,0.616,0.614,AISI 1010 carbon steel,3174.7,3.51,Good,
446,60,1200,15,95.43,3274.49,0.616,0.614,AISI 1010 carbon steel,3174.7,3.51,Good,
446,60,1200,15,95.39,3832.57,0.616,0.614,AISI 1010 carbon steel,3174.7,3.51,Good,
446,60,1200,15,95.36,3903.27,0.616,0.614,AISI 1010 carbon steel,3174.7,3.51,Good,
446,60,1200,15,95.35,3317.28,0.616,0.614,AISI 1010 carbon steel,3174.7,3.51,Good,
446,60,1200,15,95.33,3315.73,0.616,0.614,AISI 1010 carbon steel,3174.7,3.51,Good,
446,60,1200,15,95.32,3642.98,0.616,0.614,AISI 1010 carbon steel,3174.7,3.51,Good,
446,60,1200,15,95.3,4077.41,0.616,0.614,AISI 1010 carbon steel,3174.7,3.51,Good,
447,60,1200,15,95.32,2567.28,0.62,0.615,AISI 1010 carbon steel,3018.6,3.78,Good,
447,60,1200,15,95.45,3039.12,0.62,0.615,AISI 1010 carbon steel,3018.6,3.78,Good,
447,60,1200,15,95.55,3827.63,0.62,0.615,AISI 1010 carbon steel,3018.6,3.78,Good,
447,60,1200,15,95.58,3590.67,0.62,0.615,AISI 1010 carbon steel,3018.6,3.78,Good,
447,60,1200,15,95.61,3230.07,0.62,0.615,AISI 1010 carbon steel,3018.6,3.78,Good,
447,60,1200,15,95.64,3251.3,0.62,0.615,AISI 1010 carbon steel,3018.6,3.78,Good,
447,60,1200,15,95.64,3786.06,0.62,0.615,AISI 1010 carbon steel,3018.6,3.78,Good,
447,60,1200,15,95.64,3899.74,0.62,0.615,AISI 1010 carbon steel,3018.6,3.78,Good,
447,60,1200,15,95.64,3312.1,0.62,0.615,AISI 1010 carbon steel,3018.6,3.78,Good,
447,60,1200,15,95.63,3318.32,0.62,0.615,AISI 1010 carbon steel,3018.6,3.78,Good,
447,60,1200,15,95.61,3641.09,0.62,0.615,AISI 1010 carbon steel,3018.6,3.78,Good,
447,60,1200,15,95.58,4079.94,0.62,0.615,AISI 1010 carbon steel,3018.6,3.78,Good,
448,60,1200,15,95.56,2107.36,0.621,0.62,AISI 1010 carbon steel,3164.0,3.72,Good,
448,60,1200,15,95.54,2663.94,0.621,0.62,AISI 1010 carbon steel,3164.0,3.72,Good,
448,60,1200,15,95.52,3433.97,0.621,0.62,AISI 1010 carbon steel,3164.0,3.72,Good,
448,60,1200,15,95.52,3845.56,0.621,0.62,AISI 1010 carbon steel,3164.0,3.72,Good,
448,60,1200,15,95.55,3233.26,0.621,0.62,AISI 1010 carbon steel,3164.0,3.72,Good,
448,60,1200,15,95.58,3215.12,0.621,0.62,AISI 1010 carbon steel,3164.0,3.72,Good,
448,60,1200,15,95.46,3363.62,0.621,0.62,AISI 1010 carbon steel,3164.0,3.72,Good,
448,60,1200,15,95.37,3961.01,0.621,0.62,AISI 1010 carbon steel,3164.0,3.72,Good,
448,60,1200,15,95.35,3405.3,0.621,0.62,AISI 1010 carbon steel,3164.0,3.72,Good,
448,60,1200,15,95.32,3241.23,0.621,0.62,AISI 1010 carbon steel,3164.0,3.72,Good,
448,60,1200,15,95.31,3254.47,0.621,0.62,AISI 1010 carbon steel,3164.0,3.72,Good,
448,60,1200,15,95.29,3914.71,0.621,0.62,AISI 1010 carbon steel,3164.0,3.72,Good,
448,60,1200,15,95.27,3647.7,0.621,0.62,AISI 1010 carbon steel,3164.0,3.72,Good,
450,60,1200,15,95.44,2007.89,0.619,0.617,AISI 1010 carbon steel,3116.1,3.52,Good,
450,60,1200,15,95.49,2578.64,0.619,0.617,AISI 1010 carbon steel,3116.1,3.52,Good,
450,60,1200,15,95.5,3414.38,0.619,0.617,AISI 1010 carbon steel,3116.1,3.52,Good,
450,60,1200,15,95.53,3016.4,0.619,0.617,AISI 1010 carbon steel,3116.1,3.52,Good,
450,60,1200,15,95.57,2882.27,0.619,0.617,AISI 1010 carbon steel,3116.1,3.52,Good,
450,60,1200,15,95.61,2924.92,0.619,0.617,AISI 1010 carbon steel,3116.1,3.52,Good,
450,60,1200,15,95.63,3451.95,0.619,0.617,AISI 1010 carbon steel,3116.1,3.52,Good,
450,60,1200,15,95.64,3359.53,0.619,0.617,AISI 1010 carbon steel,3116.1,3.52,Good,
450,60,1200,15,95.66,2955.92,0.619,0.617,AISI 1010 carbon steel,3116.1,3.52,Good,
450,60,1200,15,95.65,2997.52,0.619,0.617,AISI 1010 carbon steel,3116.1,3.52,Good,
450,60,1200,15,95.64,3317.28,0.619,0.617,AISI 1010 carbon steel,3116.1,3.52,Good,
450,60,1200,15,95.62,3594.02,0.619,0.617,AISI 1010 carbon steel,3116.1,3.52,Good,
453,60,1200,15,95.6,1589.0,0.614,0.616,AISI 1010 carbon steel,3152.6,4.48,Good,
453,60,1200,15,95.58,2071.14,0.614,0.616,AISI 1010 carbon steel,3152.6,4.48,Good,
453,60,1200,15,95.57,2705.59,0.614,0.616,AISI 1010 carbon steel,3152.6,4.48,Good,
453,60,1200,15,95.59,3318.32,0.614,0.616,AISI 1010 carbon steel,3152.6,4.48,Good,
453,60,1200,15,95.62,3368.22,0.614,0.616,AISI 1010 carbon steel,3152.6,4.48,Good,
453,60,1200,15,95.66,2924.33,0.614,0.616,AISI 1010 carbon steel,3152.6,4.48,Good,
453,60,1200,15,95.68,2991.78,0.614,0.616,AISI 1010 carbon steel,3152.6,4.48,Good,
453,60,1200,15,95.7,3226.87,0.614,0.616,AISI 1010 carbon steel,3152.6,4.48,Good,
453,60,1200,15,95.7,3616.44,0.614,0.616,AISI 1010 carbon steel,3152.6,4.48,Good,
453,60,1200,15,95.68,3005.54,0.614,0.616,AISI 1010 carbon steel,3152.6,4.48,Good,
453,60,1200,15,95.66,3101.86,0.614,0.616,AISI 1010 carbon steel,3152.6,4.48,Good,
453,60,1200,15,95.63,3095.75,0.614,0.616,AISI 1010 carbon steel,3152.6,4.48,Good,
453,60,1200,15,95.61,3662.76,0.614,0.616,AISI 1010 carbon steel,3152.6,4.48,Good,
454,60,1200,15,95.6,1929.25,0.62,0.612,AISI 1010 carbon steel,3080.2,3.71,Good,
454,60,1200,15,95.59,2340.17,0.62,0.612,AISI 1010 carbon steel,3080.2,3.71,Good,
454,60,1200,15,95.58,2902.48,0.62,0.612,AISI 1010 carbon steel,3080.2,3.71,Good,
454,60,1200,15,95.58,2780.83,0.62,0.612,AISI 1010 carbon steel,3080.2,3.71,Good,
454,60,1200,15,95.61,2854.08,0.62,0.612,AISI 1010 carbon steel,3080.2,3.71,Good,
454,60,1200,15,95.64,3246.0,0.62,0.612,AISI 1010 carbon steel,3080.2,3.71,Good,
454,60,1200,15,95.67,3354.41,0.62,0.612,AISI 1010 carbon steel,3080.2,3.71,Good,
454,60,1200,15,95.7,2873.3,0.62,0.612,AISI 1010 carbon steel,3080.2,3.71,Good,
454,60,1200,15,95.7,2941.92,0.62,0.612,AISI 1010 carbon steel,3080.2,3.71,Good,
454,60,1200,15,95.69,3128.91,0.62,0.612,AISI 1010 carbon steel,3080.2,3.71,Good,
454,60,1200,15,95.66,3505.84,0.62,0.612,AISI 1010 carbon steel,3080.2,3.71,Good,
454,60,1200,15,95.63,2918.44,0.62,0.612,AISI 1010 carbon steel,3080.2,3.71,Good,
454,60,1200,15,95.61,3040.82,0.62,0.612,AISI 1010 carbon steel,3080.2,3.71,Good,
455,60,1200,15,95.62,1569.39,0.624,0.612,AISI 1010 carbon steel,2927.7,3.86,Good,
455,60,1200,15,95.62,1897.79,0.624,0.612,AISI 1010 carbon steel,2927.7,3.86,Good,
455,60,1200,15,95.61,2551.15,0.624,0.612,AISI 1010 carbon steel,2927.7,3.86,Good,
455,60,1200,15,95.6,2674.26,0.624,0.612,AISI 1010 carbon steel,2927.7,3.86,Good,
455,60,1200,15,95.64,3290.21,0.624,0.612,AISI 1010 carbon steel,2927.7,3.86,Good,
455,60,1200,15,95.67,2832.91,0.624,0.612,AISI 1010 carbon steel,2927.7,3.86,Good,
455,60,1200,15,95.7,2957.66,0.624,0.612,AISI 1010 carbon steel,2927.7,3.86,Good,
455,60,1200,15,95.72,2831.7,0.624,0.612,AISI 1010 carbon steel,2927.7,3.86,Good,
455,60,1200,15,95.73,3435.47,0.624,0.612,AISI 1010 carbon steel,2927.7,3.86,Good,
455,60,1200,15,95.71,3006.12,0.624,0.612,AISI 1010 carbon steel,2927.7,3.86,Good,
455,60,1200,15,95.68,3004.4,0.624,0.612,AISI 1010 carbon steel,2927.7,3.86,Good,
455,60,1200,15,95.66,2877.49,0.624,0.612,AISI 1010 carbon steel,2927.7,3.86,Good,
455,60,1200,15,95.64,3435.97,0.624,0.612,AISI 1010 carbon steel,2927.7,3.86,Good,
456,60,1200,15,95.63,1190.49,0.616,0.621,AISI 1010 carbon steel,3049.1,4.44,Good,
456,60,1200,15,95.63,1970.71,0.616,0.621,AISI 1010 carbon steel,3049.1,4.44,Good,
456,60,1200,15,95.64,2484.2,0.616,0.621,AISI 1010 carbon steel,3049.1,4.44,Good,
456,60,1200,15,95.66,2756.6,0.616,0.621,AISI 1010 carbon steel,3049.1,4.44,Good,
456,60,1200,15,95.7,3200.65,0.616,0.621,AISI 1010 carbon steel,3049.1,4.44,Good,
456,60,1200,15,95.71,2705.59,0.616,0.621,AISI 1010 carbon steel,3049.1,4.44,Good,
456,60,1200,15,95.73,2883.46,0.616,0.621,AISI 1010 carbon steel,3049.1,4.44,Good,
456,60,1200,15,95.77,2823.18,0.616,0.621,AISI 1010 carbon steel,3049.1,4.44,Good,
456,60,1200,15,95.8,3334.87,0.616,0.621,AISI 1010 carbon steel,3049.1,4.44,Good,
456,60,1200,15,95.79,2832.3,0.616,0.621,AISI 1010 carbon steel,3049.1,4.44,Good,
456,60,1200,15,95.77,2936.65,0.616,0.621,AISI 1010 carbon steel,3049.1,4.44,Good,
456,60,1200,15,95.75,2834.13,0.616,0.621,AISI 1010 carbon steel,3049.1,4.44,Good,
456,60,1200,15,95.74,3401.76,0.616,0.621,AISI 1010 carbon steel,3049.1,4.44,Good,
460,60,1200,15,96.01,1809.65,0.616,0.611,AISI 1010 carbon steel,3090.4,3.51,Good,
460,60,1200,15,96.02,2459.15,0.616,0.611,AISI 1010 carbon steel,3090.4,3.51,Good,
460,60,1200,15,96.06,3185.57,0.616,0.611,AISI 1010 carbon steel,3090.4,3.51,Good,
460,60,1200,15,96.06,2795.02,0.616,0.611,AISI 1010 carbon steel,3090.4,3.51,Good,
460,60,1200,15,96.07,2900.71,0.616,0.611,AISI 1010 carbon steel,3090.4,3.51,Good,
460,60,1200,15,96.08,3064.48,0.616,0.611,AISI 1010 carbon steel,3090.4,3.51,Good,
460,60,1200,15,95.99,3562.78,0.616,0.611,AISI 1010 carbon steel,3090.4,3.51,Good,
460,60,1200,15,95.91,2984.29,0.616,0.611,AISI 1010 carbon steel,3090.4,3.51,Good,
460,60,1200,15,95.85,3026.07,0.616,0.611,AISI 1010 carbon steel,3090.4,3.51,Good,
460,60,1200,15,95.81,2998.67,0.616,0.611,AISI 1010 carbon steel,3090.4,3.51,Good,
460,60,1200,15,95.78,3600.71,0.616,0.611,AISI 1010 carbon steel,3090.4,3.51,Good,
460,60,1200,15,95.75,3195.27,0.616,0.611,AISI 1010 carbon steel,3090.4,3.51,Good,
460,60,1200,15,95.73,3048.16,0.616,0.611,AISI 1010 carbon steel,3090.4,3.51,Good,
461,60,1200,15,95.77,2003.6,0.631,0.667,AISI 1010 carbon steel,3188.5,4.17,Good,
461,60,1200,15,95.87,2411.12,0.631,0.667,AISI 1010 carbon steel,3188.5,4.17,Good,
461,60,1200,15,95.87,2751.6,0.631,0.667,AISI 1010 carbon steel,3188.5,4.17,Good,
461,60,1200,15,95.94,2841.4,0.631,0.667,AISI 1010 carbon steel,3188.5,4.17,Good,
461,60,1200,15,95.99,3496.51,0.631,0.667,AISI 1010 carbon steel,3188.5,4.17,Good,
461,60,1200,15,96.02,3087.41,0.631,0.667,AISI 1010 carbon steel,3188.5,4.17,Good,
461,60,1200,15,96.02,2984.29,0.631,0.667,AISI 1010 carbon steel,3188.5,4.17,Good,
461,60,1200,15,96.01,2930.79,0.631,0.667,AISI 1010 carbon steel,3188.5,4.17,Good,
461,60,1200,15,96.03,3461.4,0.631,0.667,AISI 1010 carbon steel,3188.5,4.17,Good,
461,60,1200,15,96.04,3329.19,0.631,0.667,AISI 1010 carbon steel,3188.5,4.17,Good,
461,60,1200,15,96.06,3010.69,0.631,0.667,AISI 1010 carbon steel,3188.5,4.17,Good,
461,60,1200,15,96.07,3008.97,0.631,0.667,AISI 1010 carbon steel,3188.5,4.17,Good,
461,60,1200,15,96.08,3338.47,0.631,0.667,AISI 1010 carbon steel,3188.5,4.17,Good,
462,60,1200,15,96.12,1736.9,0.632,0.631,AISI 1010 carbon steel,3241.1,3.9,Good,
462,60,1200,15,96.16,2452.85,0.632,0.631,AISI 1010 carbon steel,3241.1,3.9,Good,
462,60,1200,15,96.17,2841.4,0.632,0.631,AISI 1010 carbon steel,3241.1,3.9,Good,
462,60,1200,15,96.19,3160.09,0.632,0.631,AISI 1010 carbon steel,3241.1,3.9,Good,
462,60,1200,15,96.21,3698.74,0.632,0.631,AISI 1010 carbon steel,3241.1,3.9,Good,
462,60,1200,15,96.13,3137.14,0.632,0.631,AISI 1010 carbon steel,3241.1,3.9,Good,
462,60,1200,15,96.09,3132.21,0.632,0.631,AISI 1010 carbon steel,3241.1,3.9,Good,
462,60,1200,15,96.11,3111.82,0.632,0.631,AISI 1010 carbon steel,3241.1,3.9,Good,
462,60,1200,15,96.08,3754.12,0.632,0.631,AISI 1010 carbon steel,3241.1,3.9,Good,
462,60,1200,15,96.05,3323.5,0.632,0.631,AISI 1010 carbon steel,3241.1,3.9,Good,
462,60,1200,15,96.02,3143.17,0.632,0.631,AISI 1010 carbon steel,3241.1,3.9,Good,
462,60,1200,15,95.99,3101.86,0.632,0.631,AISI 1010 carbon steel,3241.1,3.9,Good,
462,60,1200,15,95.96,3672.6,0.632,0.631,AISI 1010 carbon steel,3241.1,3.9,Good,
463,60,1200,15,95.95,2041.02,0.623,0.627,AISI 1010 carbon steel,3186.7,4.06,Good,
463,60,1200,15,95.96,2951.26,0.623,0.627,AISI 1010 carbon steel,3186.7,4.06,Good,
463,60,1200,15,96.01,2919.62,0.623,0.627,AISI 1010 carbon steel,3186.7,4.06,Good,
463,60,1200,15,96.05,2996.37,0.623,0.627,AISI 1010 carbon steel,3186.7,4.06,Good,
463,60,1200,15,96.09,3536.13,0.623,0.627,AISI 1010 carbon steel,3186.7,4.06,Good,
463,60,1200,15,96.12,3605.49,0.623,0.627,AISI 1010 carbon steel,3186.7,4.06,Good,
463,60,1200,15,96.14,3087.41,0.623,0.627,AISI 1010 carbon steel,3186.7,4.06,Good,
463,60,1200,15,96.19,3131.66,0.623,0.627,AISI 1010 carbon steel,3186.7,4.06,Good,
463,60,1200,15,96.23,3384.52,0.623,0.627,AISI 1010 carbon steel,3186.7,4.06,Good,
463,60,1200,15,96.25,3823.13,0.623,0.627,AISI 1010 carbon steel,3186.7,4.06,Good,
463,60,1200,15,96.26,3194.73,0.623,0.627,AISI 1010 carbon steel,3186.7,4.06,Good,
463,60,1200,15,96.28,3206.02,0.623,0.627,AISI 1010 carbon steel,3186.7,4.06,Good,
464,60,1200,15,96.27,1560.6,0.666,0.619,AISI 1010 carbon steel,3070.1,3.65,Good,
464,60,1200,15,96.26,2315.04,0.666,0.619,AISI 1010 carbon steel,3070.1,3.65,Good,
464,60,1200,15,96.27,2629.5,0.666,0.619,AISI 1010 carbon steel,3070.1,3.65,Good,
464,60,1200,15,96.29,2778.35,0.666,0.619,AISI 1010 carbon steel,3070.1,3.65,Good,
464,60,1200,15,96.33,3300.13,0.666,0.619,AISI 1010 carbon steel,3070.1,3.65,Good,
464,60,1200,15,96.37,3417.4,0.666,0.619,AISI 1010 carbon steel,3070.1,3.65,Good,
464,60,1200,15,96.4,2963.47,0.666,0.619,AISI 1010 carbon steel,3070.1,3.65,Good,
464,60,1200,15,96.36,3074.01,0.666,0.619,AISI 1010 carbon steel,3070.1,3.65,Good,
464,60,1200,15,96.34,3227.41,0.666,0.619,AISI 1010 carbon steel,3070.1,3.65,Good,
464,60,1200,15,96.34,3689.42,0.666,0.619,AISI 1010 carbon steel,3070.1,3.65,Good,
464,60,1200,15,96.32,3070.09,0.666,0.619,AISI 1010 carbon steel,3070.1,3.65,Good,
464,60,1200,15,96.3,3119.55,0.666,0.619,AISI 1010 carbon steel,3070.1,3.65,Good,
464,60,1200,15,96.28,3085.18,0.666,0.619,AISI 1010 carbon steel,3070.1,3.65,Good,
465,60,1200,15,96.24,1530.56,0.619,0.629,AISI 1010 carbon steel,3178.9,3.99,Good,
465,60,1200,15,96.2,2104.91,0.619,0.629,AISI 1010 carbon steel,3178.9,3.99,Good,
465,60,1200,15,96.15,2687.73,0.619,0.629,AISI 1010 carbon steel,3178.9,3.99,Good,
465,60,1200,15,96.12,2849.86,0.619,0.629,AISI 1010 carbon steel,3178.9,3.99,Good,
465,60,1200,15,96.14,3460.91,0.619,0.629,AISI 1010 carbon steel,3178.9,3.99,Good,
465,60,1200,15,96.19,3008.4,0.619,0.629,AISI 1010 carbon steel,3178.9,3.99,Good,
465,60,1200,15,96.23,2966.37,0.619,0.629,AISI 1010 carbon steel,3178.9,3.99,Good,
465,60,1200,15,96.26,2914.31,0.619,0.629,AISI 1010 carbon steel,3178.9,3.99,Good,
465,60,1200,15,96.27,3504.86,0.619,0.629,AISI 1010 carbon steel,3178.9,3.99,Good,
465,60,1200,15,96.27,3300.13,0.619,0.629,AISI 1010 carbon steel,3178.9,3.99,Good,
465,60,1200,15,96.25,2998.67,0.619,0.629,AISI 1010 carbon steel,3178.9,3.99,Good,
465,60,1200,15,96.23,2997.52,0.619,0.629,AISI 1010 carbon steel,3178.9,3.99,Good,
465,60,1200,15,96.21,3356.46,0.619,0.629,AISI 1010 carbon steel,3178.9,3.99,Good,
466,60,1200,0,96.23,2344.57,0.644,0.626,AISI 1010 carbon steel,2791.9,3.77,Good,
466,60,1200,0,96.25,2441.6,0.644,0.626,AISI 1010 carbon steel,2791.9,3.77,Good,
466,60,1200,0,96.27,2519.95,0.644,0.626,AISI 1010 carbon steel,2791.9,3.77,Good,
466,60,1200,0,96.28,3167.7,0.644,0.626,AISI 1010 carbon steel,2791.9,3.77,Good,
466,60,1200,0,96.27,3510.74,0.644,0.626,AISI 1010 carbon steel,2791.9,3.77,Good,
466,60,1200,0,96.29,3030.05,0.644,0.626,AISI 1010 carbon steel,2791.9,3.77,Good,
466,60,1200,0,96.29,3135.5,0.644,0.626,AISI 1010 carbon steel,2791.9,3.77,Good,
466,60,1200,0,96.29,3331.77,0.644,0.626,AISI 1010 carbon steel,2791.9,3.77,Good,
466,60,1200,0,96.29,3825.38,0.644,0.626,AISI 1010 carbon steel,2791.9,3.77,Good,
466,60,1200,0,96.24,3183.41,0.644,0.626,AISI 1010 carbon steel,2791.9,3.77,Good,
466,60,1200,0,96.19,3251.83,0.644,0.626,AISI 1010 carbon steel,2791.9,3.77,Good,
466,60,1200,0,96.14,3260.81,0.644,0.626,AISI 1010 carbon steel,2791.9,3.77,Good,
466,60,1200,0,96.1,3910.75,0.644,0.626,AISI 1010 carbon steel,2791.9,3.77,Good,
470,60,1200,0,96.85,3335.38,0.634,0.625,AISI 1010 carbon steel,3028.8,3.38,Good,
470,60,1200,0,97.05,3845.56,0.634,0.625,AISI 1010 carbon steel,3028.8,3.38,Good,
470,60,1200,0,97.21,3734.37,0.634,0.625,AISI 1010 carbon steel,3028.8,3.38,Good,
470,60,1200,0,97.3,3862.52,0.634,0.625,AISI 1010 carbon steel,3028.8,3.38,Good,
470,60,1200,0,97.35,4540.06,0.634,0.625,AISI 1010 carbon steel,3028.8,3.38,Good,
470,60,1200,0,97.38,4578.54,0.634,0.625,AISI 1010 carbon steel,3028.8,3.38,Good,
470,60,1200,0,97.35,3930.49,0.634,0.625,AISI 1010 carbon steel,3028.8,3.38,Good,
470,60,1200,0,97.35,3904.59,0.634,0.625,AISI 1010 carbon steel,3028.8,3.38,Good,
470,60,1200,0,97.36,4416.78,0.634,0.625,AISI 1010 carbon steel,3028.8,3.38,Good,
470,60,1200,0,97.35,4802.23,0.634,0.625,AISI 1010 carbon steel,3028.8,3.38,Good,
470,60,1200,0,97.33,4071.5,0.634,0.625,AISI 1010 carbon steel,3028.8,3.38,Good,
470,60,1200,0,97.32,3943.6,0.634,0.625,AISI 1010 carbon steel,3028.8,3.38,Good,
470,60,1200,0,97.29,4226.13,0.634,0.625,AISI 1010 carbon steel,3028.8,3.38,Good,
472,60,1200,0,97.34,2558.56,0.616,0.629,AISI 1010 carbon steel,2730.3,2.93,Good,
472,60,1200,0,97.46,3845.11,0.616,0.629,AISI 1010 carbon steel,2730.3,2.93,Good,
472,60,1200,0,97.6,4087.94,0.616,0.629,AISI 1010 carbon steel,2730.3,2.93,Good,
472,60,1200,0,97.67,3584.92,0.616,0.629,AISI 1010 carbon steel,2730.3,2.93,Good,
472,60,1200,0,97.74,3636.36,0.616,0.629,AISI 1010 carbon steel,2730.3,2.93,Good,
472,60,1200,0,97.77,4197.95,0.616,0.629,AISI 1010 carbon steel,2730.3,2.93,Good,
472,60,1200,0,97.79,4455.93,0.616,0.629,AISI 1010 carbon steel,2730.3,2.93,Good,
472,60,1200,0,97.81,3772.86,0.616,0.629,AISI 1010 carbon steel,2730.3,2.93,Good,
472,60,1200,0,97.82,3721.45,0.616,0.629,AISI 1010 carbon steel,2730.3,2.93,Good,
472,60,1200,0,97.82,4125.63,0.616,0.629,AISI 1010 carbon steel,2730.3,2.93,Good,
472,60,1200,0,97.8,4641.22,0.616,0.629,AISI 1010 carbon steel,2730.3,2.93,Good,
472,60,1200,0,97.79,3940.55,0.616,0.629,AISI 1010 carbon steel,2730.3,2.93,Good,
473,60,1200,0,97.87,2701.13,0.63,0.622,AISI 1010 carbon steel,2994.1,3.32,Good,
473,60,1200,0,98.08,3726.07,0.63,0.622,AISI 1010 carbon steel,2994.1,3.32,Good,
473,60,1200,0,98.24,3709.88,0.63,0.622,AISI 1010 carbon steel,2994.1,3.32,Good,
473,60,1200,0,98.32,3427.95,0.63,0.622,AISI 1010 carbon steel,2994.1,3.32,Good,
473,60,1200,0,98.37,3514.17,0.63,0.622,AISI 1010 carbon steel,2994.1,3.32,Good,
473,60,1200,0,98.41,4202.46,0.63,0.622,AISI 1010 carbon steel,2994.1,3.32,Good,
473,60,1200,0,98.36,4052.44,0.63,0.622,AISI 1010 carbon steel,2994.1,3.32,Good,
473,60,1200,0,98.32,3538.56,0.63,0.622,AISI 1010 carbon steel,2994.1,3.32,Good,
473,60,1200,0,98.26,3538.56,0.63,0.622,AISI 1010 carbon steel,2994.1,3.32,Good,
473,60,1200,0,98.27,4117.29,0.63,0.622,AISI 1010 carbon steel,2994.1,3.32,Good,
473,60,1200,0,98.28,4263.81,0.63,0.622,AISI 1010 carbon steel,2994.1,3.32,Good,
473,60,1200,0,98.3,3595.46,0.63,0.622,AISI 1010 carbon steel,2994.1,3.32,Good,
476,60,1200,0,98.19,2148.58,0.627,0.616,AISI 1010 carbon steel,2835.0,4.12,Good,
476,60,1200,0,98.26,2586.64,0.627,0.616,AISI 1010 carbon steel,2835.0,4.12,Good,
476,60,1200,0,98.36,2819.52,0.627,0.616,AISI 1010 carbon steel,2835.0,4.12,Good,
476,60,1200,0,98.38,3294.91,0.627,0.616,AISI 1010 carbon steel,2835.0,4.12,Good,
476,60,1200,0,98.37,3872.3,0.627,0.616,AISI 1010 carbon steel,2835.0,4.12,Good,
476,60,1200,0,98.25,3243.88,0.627,0.616,AISI 1010 carbon steel,2835.0,4.12,Good,
476,60,1200,0,98.13,3256.58,0.627,0.616,AISI 1010 carbon steel,2835.0,4.12,Good,
476,60,1200,0,98.02,3420.42,0.627,0.616,AISI 1010 carbon steel,2835.0,4.12,Good,
476,60,1200,0,97.98,4111.01,0.627,0.616,AISI 1010 carbon steel,2835.0,4.12,Good,
476,60,1200,0,97.96,3593.54,0.627,0.616,AISI 1010 carbon steel,2835.0,4.12,Good,
476,60,1200,0,97.94,3328.67,0.627,0.616,AISI 1010 carbon steel,2835.0,4.12,Good,
476,60,1200,0,97.92,3369.24,0.627,0.616,AISI 1010 carbon steel,2835.0,4.12,Good,
479,60,1200,0,98.09,1806.79,0.623,0.619,AISI 1010 carbon steel,3110.1,4.3,Good,
479,60,1200,0,98.16,2549.13,0.623,0.619,AISI 1010 carbon steel,3110.1,4.3,Good,
479,60,1200,0,98.23,2457.75,0.623,0.619,AISI 1010 carbon steel,3110.1,4.3,Good,
479,60,1200,0,98.27,2391.06,0.623,0.619,AISI 1010 carbon steel,3110.1,4.3,Good,
479,60,1200,0,98.3,2705.59,0.623,0.619,AISI 1010 carbon steel,3110.1,4.3,Good,
479,60,1200,0,98.33,3371.29,0.623,0.619,AISI 1010 carbon steel,3110.1,4.3,Good,
479,60,1200,0,98.2,3168.24,0.623,0.619,AISI 1010 carbon steel,3110.1,4.3,Good,
479,60,1200,0,98.06,2906.63,0.623,0.619,AISI 1010 carbon steel,3110.1,4.3,Good,
479,60,1200,0,97.99,2994.08,0.623,0.619,AISI 1010 carbon steel,3110.1,4.3,Good,
479,60,1200,0,97.99,3496.01,0.623,0.619,AISI 1010 carbon steel,3110.1,4.3,Good,
479,60,1200,0,98.01,3501.91,0.623,0.619,AISI 1010 carbon steel,3110.1,4.3,Good,
479,60,1200,0,98.03,2975.64,0.623,0.619,AISI 1010 carbon steel,3110.1,4.3,Good,
480,60,1200,0,98.19,2103.28,0.624,0.626,AISI 1010 carbon steel,1410.3,1.9,Bad,
480,60,1200,0,98.26,2312.81,0.624,0.626,AISI 1010 carbon steel,1410.3,1.9,Bad,
480,60,1200,0,98.31,2332.07,0.624,0.626,AISI 1010 carbon steel,1410.3,1.9,Bad,
480,60,1200,0,98.35,2338.7,0.624,0.626,AISI 1010 carbon steel,1410.3,1.9,Bad,
480,60,1200,0,98.4,2343.11,0.624,0.626,AISI 1010 carbon steel,1410.3,1.9,Bad,
480,60,1200,0,98.44,2330.59,0.624,0.626,AISI 1010 carbon steel,1410.3,1.9,Bad,
480,60,1200,0,98.47,2320.98,0.624,0.626,AISI 1010 carbon steel,1410.3,1.9,Bad,
480,60,1200,0,98.5,2320.24,0.624,0.626,AISI 1010 carbon steel,1410.3,1.9,Bad,
480,60,1200,0,98.5,2328.38,0.624,0.626,AISI 1010 carbon steel,1410.3,1.9,Bad,
480,60,1200,0,98.49,2315.04,0.624,0.626,AISI 1010 carbon steel,1410.3,1.9,Bad,
480,60,1200,0,98.49,2310.58,0.624,0.626,AISI 1010 carbon steel,1410.3,1.9,Bad,
480,60,1200,0,98.49,2308.35,0.624,0.626,AISI 1010 carbon steel,1410.3,1.9,Bad,
481,60,1200,0,98.48,2283.63,0.621,0.623,AISI 1010 carbon steel,3060.5,4.56,Good,
481,60,1200,0,98.49,2975.06,0.621,0.623,AISI 1010 carbon steel,3060.5,4.56,Good,
481,60,1200,0,98.48,3842.43,0.621,0.623,AISI 1010 carbon steel,3060.5,4.56,Good,
481,60,1200,0,98.49,3792.87,0.621,0.623,AISI 1010 carbon steel,3060.5,4.56,Good,
481,60,1200,0,98.5,3421.92,0.621,0.623,AISI 1010 carbon steel,3060.5,4.56,Good,
481,60,1200,0,98.52,3473.8,0.621,0.623,AISI 1010 carbon steel,3060.5,4.56,Good,
481,60,1200,0,98.45,4113.52,0.621,0.623,AISI 1010 carbon steel,3060.5,4.56,Good,
481,60,1200,0,98.42,4136.87,0.621,0.623,AISI 1010 carbon steel,3060.5,4.56,Good,
481,60,1200,0,98.37,3535.15,0.621,0.623,AISI 1010 carbon steel,3060.5,4.56,Good,
481,60,1200,0,98.33,3524.43,0.621,0.623,AISI 1010 carbon steel,3060.5,4.56,Good,
481,60,1200,0,98.29,3977.04,0.621,0.623,AISI 1010 carbon steel,3060.5,4.56,Good,
481,60,1200,0,98.26,4328.27,0.621,0.623,AISI 1010 carbon steel,3060.5,4.56,Good,
481,60,1200,0,98.22,3618.82,0.621,0.623,AISI 1010 carbon steel,3060.5,4.56,Good,
483,60,1200,0,97.12,3196.88,0.63,0.628,AISI 1010 carbon steel,2978.6,3.93,Good,
483,60,1200,0,97.14,3413.87,0.63,0.628,AISI 1010 carbon steel,2978.6,3.93,Good,
483,60,1200,0,97.19,3367.2,0.63,0.628,AISI 1010 carbon steel,2978.6,3.93,Good,
483,60,1200,0,97.2,3518.57,0.63,0.628,AISI 1010 carbon steel,2978.6,3.93,Good,
483,60,1200,0,97.2,4287.95,0.63,0.628,AISI 1010 carbon steel,2978.6,3.93,Good,
483,60,1200,0,97.23,4032.02,0.63,0.628,AISI 1010 carbon steel,2978.6,3.93,Good,
483,60,1200,0,97.22,3750.0,0.63,0.628,AISI 1010 carbon steel,2978.6,3.93,Good,
483,60,1200,0,97.2,3926.12,0.63,0.628,AISI 1010 carbon steel,2978.6,3.93,Good,
483,60,1200,0,97.24,4731.14,0.63,0.628,AISI 1010 carbon steel,2978.6,3.93,Good,
483,60,1200,0,97.28,4513.46,0.63,0.628,AISI 1010 carbon steel,2978.6,3.93,Good,
483,60,1200,0,97.31,3955.79,0.63,0.628,AISI 1010 carbon steel,2978.6,3.93,Good,
483,60,1200,0,97.35,3971.85,0.63,0.628,AISI 1010 carbon steel,2978.6,3.93,Good,
486,60,1200,0,97.26,3311.58,0.625,0.624,AISI 1010 carbon steel,2878.7,3.66,Good,
486,60,1200,0,97.37,3552.63,0.625,0.624,AISI 1010 carbon steel,2878.7,3.66,Good,
486,60,1200,0,97.48,4105.57,0.625,0.624,AISI 1010 carbon steel,2878.7,3.66,Good,
486,60,1200,0,97.57,4691.35,0.625,0.624,AISI 1010 carbon steel,2878.7,3.66,Good,
486,60,1200,0,97.66,4116.03,0.625,0.624,AISI 1010 carbon steel,2878.7,3.66,Good,
486,60,1200,0,97.65,3888.26,0.625,0.624,AISI 1010 carbon steel,2878.7,3.66,Good,
486,60,1200,0,97.64,4120.21,0.625,0.624,AISI 1010 carbon steel,2878.7,3.66,Good,
486,60,1200,0,97.68,4812.24,0.625,0.624,AISI 1010 carbon steel,2878.7,3.66,Good,
486,60,1200,0,97.73,4465.96,0.625,0.624,AISI 1010 carbon steel,2878.7,3.66,Good,
486,60,1200,0,97.79,3989.56,0.625,0.624,AISI 1010 carbon steel,2878.7,3.66,Good,
486,60,1200,0,97.86,4023.05,0.625,0.624,AISI 1010 carbon steel,2878.7,3.66,Good,
486,60,1200,0,97.93,4671.51,0.625,0.624,AISI 1010 carbon steel,2878.7,3.66,Good,
488,60,1200,0,98.34,2730.9,0.625,0.622,AISI 1010 carbon steel,3141.8,3.58,Explode,
488,60,1200,0,98.42,3328.15,0.625,0.622,AISI 1010 carbon steel,3141.8,3.58,Explode,
488,60,1200,0,98.51,3536.61,0.625,0.622,AISI 1010 carbon steel,3141.8,3.58,Explode,
488,60,1200,0,98.6,3837.05,0.625,0.622,AISI 1010 carbon steel,3141.8,3.58,Explode,
488,60,1200,0,98.62,4554.81,0.625,0.622,AISI 1010 carbon steel,3141.8,3.58,Explode,
488,60,1200,0,98.63,4232.23,0.625,0.622,AISI 1010 carbon steel,3141.8,3.58,Explode,
488,60,1200,0,98.63,3773.32,0.625,0.622,AISI 1010 carbon steel,3141.8,3.58,Explode,
488,60,1200,0,98.57,3845.11,0.625,0.622,AISI 1010 carbon steel,3141.8,3.58,Explode,
488,60,1200,0,98.55,4534.37,0.625,0.622,AISI 1010 carbon steel,3141.8,3.58,Explode,
488,60,1200,0,98.54,4434.65,0.625,0.622,AISI 1010 carbon steel,3141.8,3.58,Explode,
488,60,1200,0,98.53,3841.08,0.625,0.622,AISI 1010 carbon steel,3141.8,3.58,Explode,
488,60,1200,0,98.52,3835.7,0.625,0.622,AISI 1010 carbon steel,3141.8,3.58,Explode,
488,60,1200,0,98.51,4429.61,0.625,0.622,AISI 1010 carbon steel,3141.8,3.58,Explode,
490,60,1200,0,98.12,2605.85,0.622,0.632,AISI 1010 carbon steel,2312.3,3.44,Explode,
490,60,1200,0,98.11,2964.05,0.622,0.632,AISI 1010 carbon steel,2312.3,3.44,Explode,
490,60,1200,0,98.12,2806.68,0.622,0.632,AISI 1010 carbon steel,2312.3,3.44,Explode,
490,60,1200,0,98.15,3047.6,0.622,0.632,AISI 1010 carbon steel,2312.3,3.44,Explode,
490,60,1200,0,98.11,3369.76,0.622,0.632,AISI 1010 carbon steel,2312.3,3.44,Explode,
490,60,1200,0,98.05,3290.21,0.622,0.632,AISI 1010 carbon steel,2312.3,3.44,Explode,
490,60,1200,0,98.01,2542.37,0.622,0.632,AISI 1010 carbon steel,2312.3,3.44,Explode,
490,60,1200,0,97.97,2626.89,0.622,0.632,AISI 1010 carbon steel,2312.3,3.44,Explode,
490,60,1200,0,97.85,2612.44,0.622,0.632,AISI 1010 carbon steel,2312.3,3.44,Explode,
490,60,1200,0,97.72,2644.5,0.622,0.632,AISI 1010 carbon steel,2312.3,3.44,Explode,
490,60,1200,0,97.58,2661.36,0.622,0.632,AISI 1010 carbon steel,2312.3,3.44,Explode,
490,60,1200,0,97.45,2636.69,0.622,0.632,AISI 1010 carbon steel,2312.3,3.44,Explode,
490,60,1200,0,97.32,2636.69,0.622,0.632,AISI 1010 carbon steel,2312.3,3.44,Explode,
492,60,1200,0,98.26,2495.94,0.666,0.633,AISI 1010 carbon steel,3105.4,4.35,Good,
492,60,1200,0,98.48,3567.6,0.666,0.633,AISI 1010 carbon steel,3105.4,4.35,Good,
492,60,1200,0,98.64,3307.42,0.666,0.633,AISI 1010 carbon steel,3105.4,4.35,Good,
492,60,1200,0,98.78,3327.12,0.666,0.633,AISI 1010 carbon steel,3105.4,4.35,Good,
492,60,1200,0,98.87,3616.44,0.666,0.633,AISI 1010 carbon steel,3105.4,4.35,Good,
492,60,1200,0,98.87,4248.05,0.666,0.633,AISI 1010 carbon steel,3105.4,4.35,Good,
492,60,1200,0,98.67,3748.16,0.666,0.633,AISI 1010 carbon steel,3105.4,4.35,Good,
492,60,1200,0,98.5,3516.62,0.666,0.633,AISI 1010 carbon steel,3105.4,4.35,Good,
492,60,1200,0,98.35,3630.68,0.666,0.633,AISI 1010 carbon steel,3105.4,4.35,Good,
492,60,1200,0,98.24,4337.0,0.666,0.633,AISI 1010 carbon steel,3105.4,4.35,Good,
492,60,1200,0,98.16,4107.67,0.666,0.633,AISI 1010 carbon steel,3105.4,4.35,Good,
492,60,1200,0,98.07,3601.67,0.666,0.633,AISI 1010 carbon steel,3105.4,4.35,Good,
493,60,1200,0,97.99,2583.31,0.615,0.619,AISI 1010 carbon steel,2730.3,3.58,Good,
493,60,1200,0,97.93,3144.26,0.615,0.619,AISI 1010 carbon steel,2730.3,3.58,Good,
493,60,1200,0,97.85,3898.86,0.615,0.619,AISI 1010 carbon steel,2730.3,3.58,Good,
493,60,1200,0,97.77,3547.78,0.615,0.619,AISI 1010 carbon steel,2730.3,3.58,Good,
493,60,1200,0,97.7,3422.43,0.615,0.619,AISI 1010 carbon steel,2730.3,3.58,Good,
493,60,1200,0,97.63,3580.6,0.615,0.619,AISI 1010 carbon steel,2730.3,3.58,Good,
493,60,1200,0,97.44,4292.36,0.615,0.619,AISI 1010 carbon steel,2730.3,3.58,Good,
493,60,1200,0,97.31,3920.42,0.615,0.619,AISI 1010 carbon steel,2730.3,3.58,Good,
493,60,1200,0,97.22,3521.02,0.615,0.619,AISI 1010 carbon steel,2730.3,3.58,Good,
493,60,1200,0,97.17,3551.17,0.615,0.619,AISI 1010 carbon steel,2730.3,3.58,Good,
493,60,1200,0,97.13,4181.12,0.615,0.619,AISI 1010 carbon steel,2730.3,3.58,Good,
493,60,1200,0,97.09,4161.74,0.615,0.619,AISI 1010 carbon steel,2730.3,3.58,Good,
494,60,1200,0,97.05,2431.01,0.62,0.624,AISI 1010 carbon steel,2897.8,3.5,Good,
494,60,1200,0,97.01,3293.35,0.62,0.624,AISI 1010 carbon steel,2897.8,3.5,Good,
494,60,1200,0,96.92,3157.91,0.62,0.624,AISI 1010 carbon steel,2897.8,3.5,Good,
494,60,1200,0,96.86,3317.8,0.62,0.624,AISI 1010 carbon steel,2897.8,3.5,Good,
494,60,1200,0,96.8,3951.44,0.62,0.624,AISI 1010 carbon steel,2897.8,3.5,Good,
494,60,1200,0,96.74,3923.49,0.62,0.624,AISI 1010 carbon steel,2897.8,3.5,Good,
494,60,1200,0,96.69,3385.03,0.62,0.624,AISI 1010 carbon steel,2897.8,3.5,Good,
494,60,1200,0,96.62,3400.24,0.62,0.624,AISI 1010 carbon steel,2897.8,3.5,Good,
494,60,1200,0,96.55,3855.83,0.62,0.624,AISI 1010 carbon steel,2897.8,3.5,Good,
494,60,1200,0,96.48,4173.3,0.62,0.624,AISI 1010 carbon steel,2897.8,3.5,Good,
494,60,1200,0,96.41,3485.17,0.62,0.624,AISI 1010 carbon steel,2897.8,3.5,Good,
494,60,1200,0,96.34,3436.97,0.62,0.624,AISI 1010 carbon steel,2897.8,3.5,Good,
