{
    "MSE": {
        "mean": 94325.79732268004,
        "std": 23909.816252732588
    },
    "RMSE": {
        "mean": 304.35720111981027,
        "std": 41.139900938084395
    }
}