{
    "MSE": {
        "mean": 76824.64502848302,
        "std": 40142.8467219094
    },
    "RMSE": {
        "mean": 266.30178646264153,
        "std": 76.86353852958308
    }
}