{
    "MSE": {
        "mean": 93625.66636488927,
        "std": 23087.03963938268
    },
    "RMSE": {
        "mean": 303.35300914304463,
        "std": 40.032714231602775
    }
}