{
    "MSE": {
        "mean": 66344.11516110864,
        "std": 29190.90663327073
    },
    "RMSE": {
        "mean": 251.19953354250902,
        "std": 56.94654958058945
    }
}